序号,字段名称,数据采集项,数据类型,上传时不能为空,举例,备注,序号,序号,,,,,,,,,,
0,,,,,,,,,,,,,,,,,,
1,CM-0-1-1-1,质控医师,字符串,是,"例:""填写文字说明""",不能超过50个文字说明;,只允许填写中文汉字、字母、数字,,,,,,,,,,,
2,CM-0-1-1-2,质控护士,字符串,是,"例:""填写文字说明""",不能超过50个文字说明;,只允许填写中文汉字、字母、数字,,,,,,,,,,,
3,CM-0-1-1-3,主治医师,字符串,是,"例:""填写文字说明""",不能超过50个文字说明;,只允许填写中文汉字、字母、数字,,,,,,,,,,,
4,CM-0-1-1-4,责任护士,字符串,是,"例:""填写文字说明""",不能超过50个文字说明;,只允许填写中文汉字、字母、数字,,,,,,,,,,,
5,CM-0-1-1-5,上报科室,字符串,是,"例:""填写文字说明""",不能超过50个文字说明;,只允许填写中文汉字、字母、数字,,,,,,,,,,,
6,caseId,患者病案号,字符串,是,"例:""填写文字说明""",,,,,,,,,,,,,
7,IDCard,患者身份证号,字符串,是,"例:""填写文字说明""",身份证号不正确,,,,,,,,,,,,
8,CM-0-1-3-1,主要诊断ICD-10四位亚目编码与名称,字符串,否,"例:""a""",若该字段无相应取值，则接口中不必提交该字段,见,CM-0-1-3-1选择代码表,,,,,,,,,,
9,CM-0-1-3-2,主要诊断ICD-10六位临床扩展编码与名称,字符串,否,"例:""UTD""",若该字段无相应取值，则接口中不必提交该字段,见,CM-0-1-3-2选择代码表,,,,,,,,,,
10,CM-0-1-4-1,主要手术操作栏中提取ICD-9-CM-3四位亚目编码与名称,字符串,是,"例:""a""",见,CM-0-1-4-1选择代码表,,,,,,,,,,,
11,CM-0-1-4-1-1,其他ICD-9-CM-3四位亚目编码与名称,字符串,参考备注,"例:""填写文字说明""","主要手术操作栏中提取ICD-9-CM-3四位亚目编码与名称(CM-0-1-4-1)等于""其他术式""(oth)时必填;",若该字段无相应取值，则接口中不必提交该字段,,,,,,,,,,,
12,CM-0-1-4-2,主要手术操作栏中提取ICD-9-CM-3六位临床扩展编码与名称,字符串,是,"例:""UTD""",见,CM-0-1-4-2选择代码表,,,,,,,,,,,
13,CM-0-1-4-2-1,其他ICD-9-CM-3 六位临床扩展编码与名称,字符串,参考备注,"例:""填写文字说明""","主要手术操作栏中提取ICD-9-CM-3六位临床扩展编码与名称(CM-0-1-4-2)等于""其他术式""(oth)时必填;",若该字段无相应取值，则接口中不必提交该字段,,,,,,,,,,,
14,CM-0-1-5,是否为出院后31天内非预期重复住院,字符串,是,"例:""y""",见,CM-0-1-5选择代码表,,,,,,,,,,,
15,CM-0-2-1-1,出生日期,字符串,是,"例:""1970-01-01""",,,,,,,,,,,,,
16,CM-0-2-1-2,患者性别,字符串,是,"例:""M""",见,CM-0-2-1-2选择代码表,,,,,,,,,,,
17,CM-0-2-1-3,患者体重（kg）,数值,是,例:10,患者体重应大于等于0,,,,,,,,,,,,
18,CM-0-2-1-5,患者身高（cm）,数值,是,例:10,患者身高应大于等于0,,,,,,,,,,,,
19,CM-0-2-4-1,入院日期时间,字符串,是,"例:""1970-01-01 12:00""",,,,,,,,,,,,,
20,CM-0-2-4-2,出院日期时间,字符串,是,"例:""1970-01-01 12:00""",出院日期时间应大于入院日期时间;,住院时间应大于24小时;,住院时间应应小于90天,,,,,,,,,,
21,CM-0-2-5-1,入住ICU/麻醉复苏室日期时间,字符串,否,"例:""1970-01-01 12:00""",若该字段无相应取值，则接口中不必提交该字段,,,,,,,,,,,,
22,CM-0-2-5-2,离开ICU/麻醉复苏室日期时间,字符串,否,"例:""1970-01-01 12:00""",若该字段无相应取值，则接口中不必提交该字段,离开ICU日期时间应大于入住ICU日期时间,,,,,,,,,,,
23,CM-0-2-6-1,手术开始日期时间,字符串,是,"例:""1970-01-01 12:00""",手术开始日期时间应大于入院日期时间,,,,,,,,,,,,
24,CM-0-2-6-2,手术结束日期时间,字符串,是,"例:""1970-01-01 12:00""",手术结束日期时间应大于手术开始日期时间;,手术结束日期时间应小于出院日期时间,,,,,,,,,,,
25,CM-0-3-1,费用支付方式,字符串,是,"例:""a""",见,CM-0-3-1选择代码表,,,,,,,,,,,
26,CM-0-3-2,收入住院途径,字符串,是,"例:""a""",见,CM-0-3-2选择代码表,,,,,,,,,,,
27,CM-0-3-3,到院交通工具,字符串,是,"例:""a""",见,CM-0-3-3选择代码表,,,,,,,,,,,
28,CABG-1-2-1,实施手术前的冠状动脉造影评估,字符串,是,"例:""y""",见,CABG-1-2-1选择代码表,,,,,,,,,,,
29,CABG-1-2-2-1,冠状动脉病变数量,字符串,参考备注,"例:""a""","实施手术前的冠状动脉造影评估(CABG-1-2-1)等于""是""(y)时必填;",若该字段无相应取值，则接口中不必提交该字段,见,CABG-1-2-2-1选择代码表,,,,,,,,,
30,CABG-1-2-2-2,血管病变主要位置,数组,参考备注,"例:[""a"",""b""]","实施手术前的冠状动脉造影评估(CABG-1-2-1)等于""是""(y)时必填;",若该字段无相应取值，则接口中不必提交该字段,见,CABG-1-2-2-2选择代码表,,,,,,,,,
31,CABG-1-1-1,是否使用“SinoSCOREⅡ风险评估表”进行手术前风险评估,字符串,是,"例:""y""",见,CABG-1-1-1选择代码表,,,,,,,,,,,
32,CABG-1-1-2,”CABG手术风险评估（SinoSCOREⅡ）“评估值,数值,参考备注,例:10,"是否使用“SinoSCOREⅡ风险评估表”进行手术前风险评估(CABG-1-1-1)等于""是""(y)时必填;",若该字段无相应取值，则接口中不必提交该字段,,,,,,,,,,,
33,CABG-1-1-3,评估结果分层的选择,字符串,否,"例:""a""","是否使用“SinoSCOREⅡ风险评估表”进行手术前风险评估(CABG-1-1-1)等于""是""(y)时必填;",见,CABG-1-1-3选择代码表,,,,,,,,,,
34,CABG-1-3-1,是否使用”欧州心血管手术危险因素评分 EuroSCORE“进行手术前评估,字符串,参考备注,"例:""y""","是否使用“SinoSCOREⅡ风险评估表”进行手术前风险评估(CABG-1-1-1)等于""是""(y)时必填;",若该字段无相应取值，则接口中不必提交该字段,见,CABG-1-3-1选择代码表,,,,,,,,,
35,CABG-1-3-4,实施手术前的危险因素EuroSCORE 评分值,数值,参考备注,例:10,"是否使用”欧州心血管手术危险因素评分 EuroSCORE“进行手术前评估(CABG-1-3-1)等于""是""(y)时必填;",若该字段无相应取值，则接口中不必提交该字段,,,,,,,,,,,
36,CABG-1-3-5,评估结果分层,字符串,否,"例:""a""","是否使用”欧州心血管手术危险因素评分 EuroSCORE“进行手术前评估(CABG-1-3-1)等于""是""(y)时必填;",见,CABG-1-3-5选择代码表,,,,,,,,,,
37,CABG-1-4-2-1,是否在术前24小时内使用β受体阻滞剂,字符串,参考备注,"例:""y""","是否使用“SinoSCOREⅡ风险评估表”进行手术前风险评估(CABG-1-1-1)等于""是""(y)时必填;",若该字段无相应取值，则接口中不必提交该字段,见,CABG-1-4-2-1选择代码表,,,,,,,,,
38,CABG-1-4-2-2,使用首剂β-受体阻滞剂,字符串,参考备注,"例:""a""","是否在术前24小时内使用β受体阻滞剂(CABG-1-4-2-1)等于""是""(y)时必填;",若该字段无相应取值，则接口中不必提交该字段,见,CABG-1-4-2-2选择代码表,,,,,,,,,
39,CABG-1-4-2-2-1,使用首剂β-受体阻滞剂编写,字符串,参考备注,"例:""填写文字说明""","使用首剂β-受体阻滞剂(CABG-1-4-2-2)等于""其他β-受体阻滞剂""(oth)时必填;",若该字段无相应取值，则接口中不必提交该字段,,,,,,,,,,,
40,CABG-1-4-1,术前最后一次实验室检查结果,数组,参考备注,"例:[""a"",""b""]","是否使用“SinoSCOREⅡ风险评估表”进行手术前风险评估(CABG-1-1-1)等于""是""(y)时必填;",若该字段无相应取值，则接口中不必提交该字段,见,CABG-1-4-1选择代码表,,,,,,,,,
41,CABG-1-4-2,术前最后一次血肌酐值（mg/dL）,数值,参考备注,例:10,"术前最后一次实验室检查结果(CABG-1-4-1)等于""血肌酐值""(a)时必填;",若该字段无相应取值，则接口中不必提交该字段,,,,,,,,,,,
42,CABG-1-4-3,术前最后一次总胆固醇（mg/dL）,数值,参考备注,例:10,"术前最后一次实验室检查结果(CABG-1-4-1)等于""总胆固醇""(b)时必填;",若该字段无相应取值，则接口中不必提交该字段,,,,,,,,,,,
43,CABG-1-4-4,术前最后一次低密度脂蛋白（mg/dL）,数值,参考备注,例:10,"术前最后一次实验室检查结果(CABG-1-4-1)等于""低密度脂蛋白""(c)时必填;",若该字段无相应取值，则接口中不必提交该字段,,,,,,,,,,,
44,CABG-1-4-5,术前最后一次血糖（mg/dL）,数值,参考备注,例:10,"术前最后一次实验室检查结果(CABG-1-4-1)等于""血糖""(d)时必填;",若该字段无相应取值，则接口中不必提交该字段,,,,,,,,,,,
45,CABG-1-4-6,术前最后一次血红蛋白（g/L）,数值,参考备注,例:10,"术前最后一次实验室检查结果(CABG-1-4-1)等于""血红蛋白""(e)时必填;",若该字段无相应取值，则接口中不必提交该字段,,,,,,,,,,,
46,CABG-1-4-7,术前最高血肌酐值（mg/dL）,数值,参考备注,例:10,"术前最后一次实验室检查结果(CABG-1-4-1)等于""最高血肌酐值""(f)时必填;",若该字段无相应取值，则接口中不必提交该字段,,,,,,,,,,,
47,CABG-1-4-8,术前最高CK-MB（U/L）,数值,参考备注,例:10,"术前最后一次实验室检查结果(CABG-1-4-1)等于""最高CK-MB""(g)时必填;",若该字段无相应取值，则接口中不必提交该字段,,,,,,,,,,,
48,CABG-1-4-9,术前最高cTnI（ug/L）,数值,参考备注,例:10,"术前最后一次实验室检查结果(CABG-1-4-1)等于""最高cTnI""(h)时必填;",若该字段无相应取值，则接口中不必提交该字段,,,,,,,,,,,
49,CABG-1-5-1,术前最后一次超声心动图左室射血分数,数组,是,"例:[""a"",""b""]",见,CABG-1-5-1选择代码表,,,,,,,,,,,
50,CABG-1-5-2,术前最后一次超声心动图左室射血分数(%),数值,参考备注,例:10,"术前最后一次超声心动图左室射血分数(CABG-1-5-1)等于""超声心动图左室射血分数""(a)时必填;",若该字段无相应取值，则接口中不必提交该字段,,,,,,,,,,,
51,CABG-1-5-3,左室舒张末内径(mm),数值,参考备注,例:10,"术前最后一次超声心动图左室射血分数(CABG-1-5-1)等于""左室舒张末内径""(b)时必填;",若该字段无相应取值，则接口中不必提交该字段,,,,,,,,,,,
52,CABG-1-5-4,左房内径(mm),数值,参考备注,例:10,"术前最后一次超声心动图左室射血分数(CABG-1-5-1)等于""左房内径""(c)时必填;",若该字段无相应取值，则接口中不必提交该字段,,,,,,,,,,,
53,CABG-1-5-5,三尖瓣收缩期返流流速(m/s),数值,参考备注,例:10,"术前最后一次超声心动图左室射血分数(CABG-1-5-1)等于""三尖瓣收缩期返流流速""(d)时必填;",若该字段无相应取值，则接口中不必提交该字段,,,,,,,,,,,
54,CABG-1-5-6,主动脉瓣跨瓣压差(mmHg),数值,参考备注,例:10,"术前最后一次超声心动图左室射血分数(CABG-1-5-1)等于""主动脉瓣跨瓣压差""(e)时必填;",若该字段无相应取值，则接口中不必提交该字段,,,,,,,,,,,
55,CABG-2-1-1-1,手术指征,数组,是,"例:[""a"",""b""]",见,CABG-2-1-1-1选择代码表,,,,,,,,,,,
56,CABG-2-1-2,其他手术指征,字符串,参考备注,"例:""填写文字说明""","手术指征 (CABG-2-1-1-1)等于""其他""(oth)时必填;",若该字段无相应取值，则接口中不必提交该字段,,,,,,,,,,,
57,CABG-2-1,是否实施急诊CABG手术,字符串,是,"例:""y""",见,CABG-2-1选择代码表,,,,,,,,,,,
58,CABG-2-2,是否实施急诊CABG手术,数组,参考备注,"例:[""a"",""b""]","是否实施急诊CABG手术(CABG-2-1)等于""是""(y)时必填;",若该字段无相应取值，则接口中不必提交该字段,见,CABG-2-2选择代码表,,,,,,,,,
59,CABG-2-2-1,其他急诊CABG手术,字符串,参考备注,"例:""填写文字说明""","是否实施急诊CABG手术(CABG-2-2)等于""其他""(oth)时必填;",若该字段无相应取值，则接口中不必提交该字段,,,,,,,,,,,
60,CABG-2-3-1,手术切口的选择,字符串,参考备注,"例:""a""","是否实施急诊CABG手术(CABG-2-1)等于""否""(n)时必填;",若该字段无相应取值，则接口中不必提交该字段,见,CABG-2-3-1选择代码表,,,,,,,,,
61,CABG-2-4-1-1,是否合并其他手术,字符串,是,"例:""a""",见,CABG-2-4-1-1选择代码表,,,,,,,,,,,
62,CABG-2-5,手术方法,字符串,是,"例:""a""",见,CABG-2-5选择代码表,,,,,,,,,,,
63,CABG-2-6,是否使用体外循环,字符串,是,"例:""y""",见,CABG-2-6选择代码表,,,,,,,,,,,
64,CABG-3-3-1,体外循环使用日期开始时间,字符串,参考备注,"例:""1970-01-01 12:00""","是否使用体外循环(CABG-2-6)等于""体外循环辅助的旁路移植术""(y)时必填;",若该字段无相应取值，则接口中不必提交该字段,,,,,,,,,,,
65,CABG-3-3-3,体外循环使用日期结束时间,字符串,参考备注,"例:""1970-01-01 12:00""","是否使用体外循环(CABG-2-6)等于""体外循环辅助的旁路移植术""(y)时必填;",若该字段无相应取值，则接口中不必提交该字段,,,,,,,,,,,
66,CABG-3-3-4,体外循环持续时间,数值,否,例:10,"是否使用体外循环(CABG-2-6)等于""体外循环辅助的旁路移植术""(y)时必填;","日期差值计算公式:体外循环使用日期结束时间(CABG-3-3-3)-体外循环使用日期开始时间(CABG-3-3-1),单位:分钟",,,,,,,,,,,
67,CABG-2-7,是否术中转为体外循环,字符串,参考备注,"例:""y""","是否使用体外循环(CABG-2-6)等于""体外循环辅助的旁路移植术""(y)时必填;",若该字段无相应取值，则接口中不必提交该字段,见,CABG-2-7选择代码表,,,,,,,,,
68,CABG-2-7-1,CABG术中是否放置漂浮导管,字符串,否,"例:""y""",若该字段无相应取值，则接口中不必提交该字段,见,CABG-2-7-1选择代码表,,,,,,,,,,
69,CABG-2-8-1,围术期使用血制品,字符串,是,"例:""y""",见,CABG-2-8-1选择代码表,,,,,,,,,,,
70,CABG-2-8-3,其中:全血量（ml）,数值,参考备注,例:10,"围术期使用血制品(CABG-2-8-1)等于""是""(y)时必填;",若该字段无相应取值，则接口中不必提交该字段,,,,,,,,,,,
71,CABG-2-8-4,其中:红细胞量（ml）,数值,参考备注,例:10,"围术期使用血制品(CABG-2-8-1)等于""是""(y)时必填;",若该字段无相应取值，则接口中不必提交该字段,,,,,,,,,,,
72,CABG-2-8-5,其中:血浆量（ml）,数值,参考备注,例:10,"围术期使用血制品(CABG-2-8-1)等于""是""(y)时必填;",若该字段无相应取值，则接口中不必提交该字段,,,,,,,,,,,
73,CABG-2-8-6,其中:血小板量（ml）,数值,参考备注,例:10,"围术期使用血制品(CABG-2-8-1)等于""是""(y)时必填;",若该字段无相应取值，则接口中不必提交该字段,,,,,,,,,,,
74,CABG-2-8-2,临床用血总量（ml）,数值,否,例:10,"围术期使用血制品(CABG-2-8-1)等于""是""(y)时必填;","数字计算公式:其中:全血量（ml）(CABG-2-8-3)+其中:红细胞量（ml）(CABG-2-8-4)其中:血浆量（ml）(CABG-2-8-5)其中:血小板量（ml）(CABG-2-8-6),单位:整数",,,,,,,,,,,
75,CABG-3-1-0,建立血管桥支数,字符串,是,"例:""a""",见,CABG-3-1-0选择代码表,,,,,,,,,,,
76,CABG-3-10-1-1,血管桥材料,字符串,参考备注,"例:""a""","建立血管桥支数(CABG-3-1-0)等于""―支""(a)时必填;","建立血管桥支数(CABG-3-1-0)等于""二支""(b)时必填;","建立血管桥支数(CABG-3-1-0)等于""三支""(c)时必填;","建立血管桥支数(CABG-3-1-0)等于""四支""(d)时必填;","建立血管桥支数(CABG-3-1-0)等于""五支""(e)时必填;","建立血管桥支数(CABG-3-1-0)等于""六支""(f)时必填;","建立血管桥支数(CABG-3-1-0)等于""七支""(g)时必填;","建立血管桥支数(CABG-3-1-0)等于""八支""(h)时必填;","建立血管桥支数(CABG-3-1-0)等于""九支""(i)时必填;","建立血管桥支数(CABG-3-1-0)等于""十支""(j)时必填;",若该字段无相应取值，则接口中不必提交该字段,见,CABG-3-10-1-1选择代码表
77,CABG-3-10-1-1-1,其他血管桥材料,字符串,参考备注,"例:""填写文字说明""","血管桥材料(CABG-3-10-1-1)等于""其他（用文字说明）""(oth)时必填;",若该字段无相应取值，则接口中不必提交该字段,,,,,,,,,,,
78,CABG-3-10-1-3,远端吻合口位置,字符串,参考备注,"例:""a""","建立血管桥支数(CABG-3-1-0)等于""―支""(a)时必填;","建立血管桥支数(CABG-3-1-0)等于""二支""(b)时必填;","建立血管桥支数(CABG-3-1-0)等于""三支""(c)时必填;","建立血管桥支数(CABG-3-1-0)等于""四支""(d)时必填;","建立血管桥支数(CABG-3-1-0)等于""五支""(e)时必填;","建立血管桥支数(CABG-3-1-0)等于""六支""(f)时必填;","建立血管桥支数(CABG-3-1-0)等于""七支""(g)时必填;","建立血管桥支数(CABG-3-1-0)等于""八支""(h)时必填;","建立血管桥支数(CABG-3-1-0)等于""九支""(i)时必填;","建立血管桥支数(CABG-3-1-0)等于""十支""(j)时必填;",若该字段无相应取值，则接口中不必提交该字段,见,CABG-3-10-1-3选择代码表
79,CABG-3-10-1-5,是否实施桥血管流量监测,字符串,参考备注,"例:""y""","建立血管桥支数(CABG-3-1-0)等于""―支""(a)时必填;","建立血管桥支数(CABG-3-1-0)等于""二支""(b)时必填;","建立血管桥支数(CABG-3-1-0)等于""三支""(c)时必填;","建立血管桥支数(CABG-3-1-0)等于""四支""(d)时必填;","建立血管桥支数(CABG-3-1-0)等于""五支""(e)时必填;","建立血管桥支数(CABG-3-1-0)等于""六支""(f)时必填;","建立血管桥支数(CABG-3-1-0)等于""七支""(g)时必填;","建立血管桥支数(CABG-3-1-0)等于""八支""(h)时必填;","建立血管桥支数(CABG-3-1-0)等于""九支""(i)时必填;","建立血管桥支数(CABG-3-1-0)等于""十支""(j)时必填;",若该字段无相应取值，则接口中不必提交该字段,见,CABG-3-10-1-5选择代码表
80,CABG-3-10-1-6,桥血管流量（mL/min）,数值,参考备注,例:10,"是否实施桥血管流量监测(CABG-3-10-1-5)等于""是""(y)时必填;",若该字段无相应取值，则接口中不必提交该字段,,,,,,,,,,,
81,CABG-3-10-2-1,血管桥材料,字符串,参考备注,"例:""a""","建立血管桥支数(CABG-3-1-0)等于""二支""(b)时可填写;","建立血管桥支数(CABG-3-1-0)等于""三支""(c)时可填写;","建立血管桥支数(CABG-3-1-0)等于""四支""(d)时可填写;","建立血管桥支数(CABG-3-1-0)等于""五支""(e)时可填写;","建立血管桥支数(CABG-3-1-0)等于""六支""(f)时可填写;","建立血管桥支数(CABG-3-1-0)等于""七支""(g)时可填写;","建立血管桥支数(CABG-3-1-0)等于""八支""(h)时可填写;","建立血管桥支数(CABG-3-1-0)等于""九支""(i)时可填写;","建立血管桥支数(CABG-3-1-0)等于""十支""(j)时可填写;",若该字段无相应取值，则接口中不必提交该字段,见,CABG-3-10-2-1选择代码表,
82,CABG-3-10-2-1-1,其他血管桥材料,字符串,参考备注,"例:""填写文字说明""","血管桥材料(CABG-3-10-2-1)等于""其他""(oth)时必填;",若该字段无相应取值，则接口中不必提交该字段,,,,,,,,,,,
83,CABG-3-10-2-3,远端吻合口位置,字符串,参考备注,"例:""a""","建立血管桥支数(CABG-3-1-0)等于""二支""(b)时可填写;","建立血管桥支数(CABG-3-1-0)等于""三支""(c)时可填写;","建立血管桥支数(CABG-3-1-0)等于""四支""(d)时可填写;","建立血管桥支数(CABG-3-1-0)等于""五支""(e)时可填写;","建立血管桥支数(CABG-3-1-0)等于""六支""(f)时可填写;","建立血管桥支数(CABG-3-1-0)等于""七支""(g)时可填写;","建立血管桥支数(CABG-3-1-0)等于""八支""(h)时可填写;","建立血管桥支数(CABG-3-1-0)等于""九支""(i)时可填写;","建立血管桥支数(CABG-3-1-0)等于""十支""(j)时可填写;",若该字段无相应取值，则接口中不必提交该字段,见,CABG-3-10-2-3选择代码表,
84,CABG-3-10-2-4,是否实施桥血管流量监测,字符串,参考备注,"例:""y""","建立血管桥支数(CABG-3-1-0)等于""二支""(b)时可填写;","建立血管桥支数(CABG-3-1-0)等于""三支""(c)时可填写;","建立血管桥支数(CABG-3-1-0)等于""四支""(d)时可填写;","建立血管桥支数(CABG-3-1-0)等于""五支""(e)时可填写;","建立血管桥支数(CABG-3-1-0)等于""六支""(f)时可填写;","建立血管桥支数(CABG-3-1-0)等于""七支""(g)时可填写;","建立血管桥支数(CABG-3-1-0)等于""八支""(h)时可填写;","建立血管桥支数(CABG-3-1-0)等于""九支""(i)时可填写;","建立血管桥支数(CABG-3-1-0)等于""十支""(j)时可填写;",若该字段无相应取值，则接口中不必提交该字段,见,CABG-3-10-2-4选择代码表,
85,CABG-3-10-2-5,桥血管流量（mL/min）,数值,参考备注,例:10,"是否实施桥血管流量监测(CABG-3-10-2-4)等于""是""(y)时必填;",若该字段无相应取值，则接口中不必提交该字段,,,,,,,,,,,
86,CABG-3-10-3-1,血管桥材料,字符串,参考备注,"例:""a""","建立血管桥支数(CABG-3-1-0)等于""三支""(c)时可填写;","建立血管桥支数(CABG-3-1-0)等于""四支""(d)时可填写;","建立血管桥支数(CABG-3-1-0)等于""五支""(e)时可填写;","建立血管桥支数(CABG-3-1-0)等于""六支""(f)时可填写;","建立血管桥支数(CABG-3-1-0)等于""七支""(g)时可填写;","建立血管桥支数(CABG-3-1-0)等于""八支""(h)时可填写;","建立血管桥支数(CABG-3-1-0)等于""九支""(i)时可填写;","建立血管桥支数(CABG-3-1-0)等于""十支""(j)时可填写;",若该字段无相应取值，则接口中不必提交该字段,见,CABG-3-10-3-1选择代码表,,
87,CABG-3-10-3-1-1,其他血管桥材料,字符串,参考备注,"例:""填写文字说明""","血管桥材料(CABG-3-10-3-1)等于""其他""(oth)时必填;",若该字段无相应取值，则接口中不必提交该字段,,,,,,,,,,,
88,CABG-3-10-3-3,远端吻合口位置,字符串,参考备注,"例:""a""","建立血管桥支数(CABG-3-1-0)等于""三支""(c)时可填写;","建立血管桥支数(CABG-3-1-0)等于""四支""(d)时可填写;","建立血管桥支数(CABG-3-1-0)等于""五支""(e)时可填写;","建立血管桥支数(CABG-3-1-0)等于""六支""(f)时可填写;","建立血管桥支数(CABG-3-1-0)等于""七支""(g)时可填写;","建立血管桥支数(CABG-3-1-0)等于""八支""(h)时可填写;","建立血管桥支数(CABG-3-1-0)等于""九支""(i)时可填写;","建立血管桥支数(CABG-3-1-0)等于""十支""(j)时可填写;",若该字段无相应取值，则接口中不必提交该字段,见,CABG-3-10-3-3选择代码表,,
89,CABG-3-10-3-4,是否实施桥血管流量监测,字符串,参考备注,"例:""y""","建立血管桥支数(CABG-3-1-0)等于""三支""(c)时可填写;","建立血管桥支数(CABG-3-1-0)等于""四支""(d)时可填写;","建立血管桥支数(CABG-3-1-0)等于""五支""(e)时可填写;","建立血管桥支数(CABG-3-1-0)等于""六支""(f)时可填写;","建立血管桥支数(CABG-3-1-0)等于""七支""(g)时可填写;","建立血管桥支数(CABG-3-1-0)等于""八支""(h)时可填写;","建立血管桥支数(CABG-3-1-0)等于""九支""(i)时可填写;","建立血管桥支数(CABG-3-1-0)等于""十支""(j)时可填写;",若该字段无相应取值，则接口中不必提交该字段,见,CABG-3-10-3-4选择代码表,,
90,CABG-3-10-3-5,桥血管流量（mL/min）,数值,参考备注,例:10,"是否实施桥血管流量监测(CABG-3-10-3-4)等于""是""(y)时必填;",若该字段无相应取值，则接口中不必提交该字段,,,,,,,,,,,
91,CABG-3-10-4-1,血管桥材料,字符串,参考备注,"例:""a""","建立血管桥支数(CABG-3-1-0)等于""四支""(d)时可填写;","建立血管桥支数(CABG-3-1-0)等于""五支""(e)时可填写;","建立血管桥支数(CABG-3-1-0)等于""六支""(f)时可填写;","建立血管桥支数(CABG-3-1-0)等于""七支""(g)时可填写;","建立血管桥支数(CABG-3-1-0)等于""八支""(h)时可填写;","建立血管桥支数(CABG-3-1-0)等于""九支""(i)时可填写;","建立血管桥支数(CABG-3-1-0)等于""十支""(j)时可填写;",若该字段无相应取值，则接口中不必提交该字段,见,CABG-3-10-4-1选择代码表,,,
92,CABG-3-10-4-1-1,其他血管桥材料,字符串,参考备注,"例:""填写文字说明""","血管桥材料(CABG-3-10-4-1)等于""其他""(oth)时必填;",若该字段无相应取值，则接口中不必提交该字段,,,,,,,,,,,
93,CABG-3-10-4-3,远端吻合口位置,字符串,参考备注,"例:""a""","建立血管桥支数(CABG-3-1-0)等于""四支""(d)时可填写;","建立血管桥支数(CABG-3-1-0)等于""五支""(e)时可填写;","建立血管桥支数(CABG-3-1-0)等于""六支""(f)时可填写;","建立血管桥支数(CABG-3-1-0)等于""七支""(g)时可填写;","建立血管桥支数(CABG-3-1-0)等于""八支""(h)时可填写;","建立血管桥支数(CABG-3-1-0)等于""九支""(i)时可填写;","建立血管桥支数(CABG-3-1-0)等于""十支""(j)时可填写;",若该字段无相应取值，则接口中不必提交该字段,见,CABG-3-10-4-3选择代码表,,,
94,CABG-3-10-4-4,是否实施桥血管流量监测,字符串,参考备注,"例:""y""","建立血管桥支数(CABG-3-1-0)等于""四支""(d)时可填写;","建立血管桥支数(CABG-3-1-0)等于""五支""(e)时可填写;","建立血管桥支数(CABG-3-1-0)等于""六支""(f)时可填写;","建立血管桥支数(CABG-3-1-0)等于""七支""(g)时可填写;","建立血管桥支数(CABG-3-1-0)等于""八支""(h)时可填写;","建立血管桥支数(CABG-3-1-0)等于""九支""(i)时可填写;","建立血管桥支数(CABG-3-1-0)等于""十支""(j)时可填写;",若该字段无相应取值，则接口中不必提交该字段,见,CABG-3-10-4-4选择代码表,,,
95,CABG-3-10-4-5,桥血管流量（mL/min）,数值,参考备注,例:10,"是否实施桥血管流量监测(CABG-3-10-4-4)等于""是""(y)时必填;",若该字段无相应取值，则接口中不必提交该字段,,,,,,,,,,,
96,CABG-3-10-5-1,血管桥材料,字符串,参考备注,"例:""a""","建立血管桥支数(CABG-3-1-0)等于""五支""(e)时可填写;","建立血管桥支数(CABG-3-1-0)等于""六支""(f)时可填写;","建立血管桥支数(CABG-3-1-0)等于""七支""(g)时可填写;","建立血管桥支数(CABG-3-1-0)等于""八支""(h)时可填写;","建立血管桥支数(CABG-3-1-0)等于""九支""(i)时可填写;","建立血管桥支数(CABG-3-1-0)等于""十支""(j)时可填写;",若该字段无相应取值，则接口中不必提交该字段,见,CABG-3-10-5-1选择代码表,,,,
97,CABG-3-10-5-1-1,其他血管桥材料,字符串,参考备注,"例:""填写文字说明""","血管桥材料(CABG-3-10-5-1)等于""其他""(oth)时必填;",若该字段无相应取值，则接口中不必提交该字段,,,,,,,,,,,
98,CABG-3-10-5-3,远端吻合口位置,字符串,参考备注,"例:""a""","建立血管桥支数(CABG-3-1-0)等于""五支""(e)时可填写;","建立血管桥支数(CABG-3-1-0)等于""六支""(f)时可填写;","建立血管桥支数(CABG-3-1-0)等于""七支""(g)时可填写;","建立血管桥支数(CABG-3-1-0)等于""八支""(h)时可填写;","建立血管桥支数(CABG-3-1-0)等于""九支""(i)时可填写;","建立血管桥支数(CABG-3-1-0)等于""十支""(j)时可填写;",若该字段无相应取值，则接口中不必提交该字段,见,CABG-3-10-5-3选择代码表,,,,
99,CABG-3-10-5-4,是否实施桥血管流量监测,字符串,参考备注,"例:""y""","建立血管桥支数(CABG-3-1-0)等于""五支""(e)时可填写;","建立血管桥支数(CABG-3-1-0)等于""六支""(f)时可填写;","建立血管桥支数(CABG-3-1-0)等于""七支""(g)时可填写;","建立血管桥支数(CABG-3-1-0)等于""八支""(h)时可填写;","建立血管桥支数(CABG-3-1-0)等于""九支""(i)时可填写;","建立血管桥支数(CABG-3-1-0)等于""十支""(j)时可填写;",若该字段无相应取值，则接口中不必提交该字段,见,CABG-3-10-5-4选择代码表,,,,
100,CABG-3-10-5-5,桥血管流量（mL/min）,数值,参考备注,例:10,"是否实施桥血管流量监测(CABG-3-10-5-4)等于""是""(y)时必填;",若该字段无相应取值，则接口中不必提交该字段,,,,,,,,,,,
101,CABG-3-10-6-1,血管桥材料,字符串,参考备注,"例:""a""","建立血管桥支数(CABG-3-1-0)等于""六支""(f)时可填写;","建立血管桥支数(CABG-3-1-0)等于""七支""(g)时可填写;","建立血管桥支数(CABG-3-1-0)等于""八支""(h)时可填写;","建立血管桥支数(CABG-3-1-0)等于""九支""(i)时可填写;","建立血管桥支数(CABG-3-1-0)等于""十支""(j)时可填写;",若该字段无相应取值，则接口中不必提交该字段,见,CABG-3-10-6-1选择代码表,,,,,
102,CABG-3-10-6-1-1,其他血管桥材料,字符串,参考备注,"例:""填写文字说明""","血管桥材料(CABG-3-10-6-1)等于""其他""(oth)时必填;",若该字段无相应取值，则接口中不必提交该字段,,,,,,,,,,,
103,CABG-3-10-6-3,远端吻合口位置,字符串,参考备注,"例:""a""","建立血管桥支数(CABG-3-1-0)等于""六支""(f)时可填写;","建立血管桥支数(CABG-3-1-0)等于""七支""(g)时可填写;","建立血管桥支数(CABG-3-1-0)等于""八支""(h)时可填写;","建立血管桥支数(CABG-3-1-0)等于""九支""(i)时可填写;","建立血管桥支数(CABG-3-1-0)等于""十支""(j)时可填写;",若该字段无相应取值，则接口中不必提交该字段,见,CABG-3-10-6-3选择代码表,,,,,
104,CABG-3-10-6-4,是否实施桥血管流量监测,字符串,参考备注,"例:""y""","建立血管桥支数(CABG-3-1-0)等于""六支""(f)时可填写;","建立血管桥支数(CABG-3-1-0)等于""七支""(g)时可填写;","建立血管桥支数(CABG-3-1-0)等于""八支""(h)时可填写;","建立血管桥支数(CABG-3-1-0)等于""九支""(i)时可填写;","建立血管桥支数(CABG-3-1-0)等于""十支""(j)时可填写;",若该字段无相应取值，则接口中不必提交该字段,见,CABG-3-10-6-4选择代码表,,,,,
105,CABG-3-10-6-5,桥血管流量（mL/min）,数值,参考备注,例:10,"是否实施桥血管流量监测(CABG-3-10-6-4)等于""是""(y)时必填;",若该字段无相应取值，则接口中不必提交该字段,,,,,,,,,,,
106,CABG-3-10-7-1,血管桥材料,字符串,参考备注,"例:""a""","建立血管桥支数(CABG-3-1-0)等于""七支""(g)时可填写;","建立血管桥支数(CABG-3-1-0)等于""八支""(h)时可填写;","建立血管桥支数(CABG-3-1-0)等于""九支""(i)时可填写;","建立血管桥支数(CABG-3-1-0)等于""十支""(j)时可填写;",若该字段无相应取值，则接口中不必提交该字段,见,CABG-3-10-7-1选择代码表,,,,,,
107,CABG-3-10-7-1-1,其他血管桥材料,字符串,参考备注,"例:""填写文字说明""","血管桥材料(CABG-3-10-7-1)等于""其他""(oth)时必填;",若该字段无相应取值，则接口中不必提交该字段,,,,,,,,,,,
108,CABG-3-10-7-3,远端吻合口位置,字符串,参考备注,"例:""a""","建立血管桥支数(CABG-3-1-0)等于""七支""(g)时可填写;","建立血管桥支数(CABG-3-1-0)等于""八支""(h)时可填写;","建立血管桥支数(CABG-3-1-0)等于""九支""(i)时可填写;","建立血管桥支数(CABG-3-1-0)等于""十支""(j)时可填写;",若该字段无相应取值，则接口中不必提交该字段,见,CABG-3-10-7-3选择代码表,,,,,,
109,CABG-3-10-7-4,是否实施桥血管流量监测,字符串,参考备注,"例:""y""","建立血管桥支数(CABG-3-1-0)等于""七支""(g)时可填写;","建立血管桥支数(CABG-3-1-0)等于""八支""(h)时可填写;","建立血管桥支数(CABG-3-1-0)等于""九支""(i)时可填写;","建立血管桥支数(CABG-3-1-0)等于""十支""(j)时可填写;",若该字段无相应取值，则接口中不必提交该字段,见,CABG-3-10-7-4选择代码表,,,,,,
110,CABG-3-10-7-5,桥血管流量（mL/min）,数值,参考备注,例:10,"是否实施桥血管流量监测(CABG-3-10-7-4)等于""是""(y)时必填;",若该字段无相应取值，则接口中不必提交该字段,,,,,,,,,,,
111,CABG-3-10-8-1,血管桥材料,字符串,参考备注,"例:""a""","建立血管桥支数(CABG-3-1-0)等于""八支""(h)时可填写;","建立血管桥支数(CABG-3-1-0)等于""九支""(i)时可填写;","建立血管桥支数(CABG-3-1-0)等于""十支""(j)时可填写;",若该字段无相应取值，则接口中不必提交该字段,见,CABG-3-10-8-1选择代码表,,,,,,,
112,CABG-3-10-8-1-1,其他血管桥材料,字符串,参考备注,"例:""填写文字说明""","血管桥材料(CABG-3-10-8-1)等于""其他""(oth)时必填;",若该字段无相应取值，则接口中不必提交该字段,,,,,,,,,,,
113,CABG-3-10-8-3,远端吻合口位置,字符串,参考备注,"例:""a""","建立血管桥支数(CABG-3-1-0)等于""八支""(h)时可填写;","建立血管桥支数(CABG-3-1-0)等于""九支""(i)时可填写;","建立血管桥支数(CABG-3-1-0)等于""十支""(j)时可填写;",若该字段无相应取值，则接口中不必提交该字段,见,CABG-3-10-8-3选择代码表,,,,,,,
114,CABG-3-10-8-4,是否实施桥血管流量监测,字符串,参考备注,"例:""y""","建立血管桥支数(CABG-3-1-0)等于""八支""(h)时可填写;","建立血管桥支数(CABG-3-1-0)等于""九支""(i)时可填写;","建立血管桥支数(CABG-3-1-0)等于""十支""(j)时可填写;",若该字段无相应取值，则接口中不必提交该字段,见,CABG-3-10-8-4选择代码表,,,,,,,
115,CABG-3-10-8-5,桥血管流量（mL/min）,数值,参考备注,例:10,"是否实施桥血管流量监测(CABG-3-10-8-4)等于""是""(y)时必填;",若该字段无相应取值，则接口中不必提交该字段,,,,,,,,,,,
116,CABG-3-10-9-1,血管桥材料,字符串,参考备注,"例:""a""","建立血管桥支数(CABG-3-1-0)等于""九支""(i)时可填写;","建立血管桥支数(CABG-3-1-0)等于""十支""(j)时可填写;",若该字段无相应取值，则接口中不必提交该字段,见,CABG-3-10-9-1选择代码表,,,,,,,,
117,CABG-3-10-9-1-1,其他血管桥材料,字符串,参考备注,"例:""填写文字说明""","血管桥材料(CABG-3-10-9-1)等于""其他""(oth)时必填;",若该字段无相应取值，则接口中不必提交该字段,,,,,,,,,,,
118,CABG-3-10-9-3,远端吻合口位置,字符串,参考备注,"例:""a""","建立血管桥支数(CABG-3-1-0)等于""九支""(i)时可填写;","建立血管桥支数(CABG-3-1-0)等于""十支""(j)时可填写;",若该字段无相应取值，则接口中不必提交该字段,见,CABG-3-10-9-3选择代码表,,,,,,,,
119,CABG-3-10-9-4,是否实施桥血管流量监测,字符串,参考备注,"例:""y""","建立血管桥支数(CABG-3-1-0)等于""九支""(i)时可填写;","建立血管桥支数(CABG-3-1-0)等于""十支""(j)时可填写;",若该字段无相应取值，则接口中不必提交该字段,见,CABG-3-10-9-4选择代码表,,,,,,,,
120,CABG-3-10-9-5,桥血管流量（mL/min）,数值,参考备注,例:10,"是否实施桥血管流量监测(CABG-3-10-9-4)等于""是""(y)时必填;",若该字段无相应取值，则接口中不必提交该字段,,,,,,,,,,,
121,CABG-3-10-10-1,血管桥材料,字符串,参考备注,"例:""a""","建立血管桥支数(CABG-3-1-0)等于""十支""(j)时可填写;",若该字段无相应取值，则接口中不必提交该字段,见,CABG-3-10-10-1选择代码表,,,,,,,,,
122,CABG-3-10-10-1-1,其他血管桥材料,字符串,参考备注,"例:""填写文字说明""","血管桥材料(CABG-3-10-10-1)等于""其他""(oth)时必填;",若该字段无相应取值，则接口中不必提交该字段,,,,,,,,,,,
123,CABG-3-10-10-3,远端吻合口位置,字符串,参考备注,"例:""a""","建立血管桥支数(CABG-3-1-0)等于""十支""(j)时可填写;",若该字段无相应取值，则接口中不必提交该字段,见,CABG-3-10-10-3选择代码表,,,,,,,,,
124,CABG-3-10-10-4,是否实施桥血管流量监测,字符串,参考备注,"例:""y""","建立血管桥支数(CABG-3-1-0)等于""十支""(j)时可填写;",若该字段无相应取值，则接口中不必提交该字段,见,CABG-3-10-10-4选择代码表,,,,,,,,,
125,CABG-3-10-10-5,桥血管流量（mL/min）,数值,参考备注,例:10,"是否实施桥血管流量监测(CABG-3-10-10-4)等于""是""(y)时必填;",若该字段无相应取值，则接口中不必提交该字段,,,,,,,,,,,
126,CABG-3-12,术后是否入住ICU/术后复苏室,字符串,是,"例:""y""",见,CABG-3-12选择代码表,,,,,,,,,,,
127,CABG-3-13,在ICU/术后复苏室是否实施机械通气,字符串,参考备注,"例:""y""","术后是否入住ICU/术后复苏室(CABG-3-12)等于""是""(y)时必填;",若该字段无相应取值，则接口中不必提交该字段,见,CABG-3-13选择代码表,,,,,,,,,
128,CABG-3-15-1,起始时间,字符串,参考备注,"例:""1970-01-01 12:00""","在ICU/术后复苏室是否实施机械通气(CABG-3-13)等于""是""(y)时必填;",若该字段无相应取值，则接口中不必提交该字段,,,,,,,,,,,
129,CABG-3-15-2,终止时间,字符串,参考备注,"例:""1970-01-01 12:00""","在ICU/术后复苏室是否实施机械通气(CABG-3-13)等于""是""(y)时必填;",若该字段无相应取值，则接口中不必提交该字段,,,,,,,,,,,
130,CM-1-1-1,是否使用预防性抗菌药物,字符串,是,"例:""y""",见,CM-1-1-1选择代码表,,,,,,,,,,,
131,CM-1-2-1-2,预防性抗菌药物选择,数组,参考备注,"例:[""def"",""a""]","是否使用预防性抗菌药物(CM-1-1-1)等于""是""(y)时必填;",若该字段无相应取值，则接口中不必提交该字段,见,CM-1-2-1-2选择代码表,,,,,,,,,
132,CM-1-2-2-2,选择碳青霉烯类及替加环素等特殊使用级抗菌药物,数组,参考备注,"例:[""UTD"",""a""]","预防性抗菌药物选择(CM-1-2-1-2)等于""碳青霉烯类及替加环素等特殊使用级抗菌药物""(g)时必填;",若该字段无相应取值，则接口中不必提交该字段,见,CM-1-2-2-2选择代码表,,,,,,,,,
133,CM-1-2-2-1,其他特殊使用级抗菌药物名称,字符串,参考备注,"例:""填写文字说明""","选择碳青霉烯类及替加环素等特殊使用级抗菌药物 (CM-1-2-2-2)等于""其他特殊使用级抗菌药物""(oth)时必填;",若该字段无相应取值，则接口中不必提交该字段,不能超过十个字,,,,,,,,,,
134,CM-1-3-1-2,选用“特殊使用级抗菌药物”或者其他类抗菌药物的因素,数组,参考备注,"例:[""a"",""b""]","预防性抗菌药物选择(CM-1-2-1-2)等于""碳青霉烯类及替加环素等特殊使用级抗菌药物""(g)时必填;","预防性抗菌药物选择(CM-1-2-1-2)等于""其他""(oth)时必填;",若该字段无相应取值，则接口中不必提交该字段,见,CM-1-3-1-2选择代码表,,,,,,,,
135,CM-1-3-1-1,选用“特殊使用级抗菌药物”或者其他类抗菌药物的因素填写,字符串,参考备注,"例:""填写文字说明""","选用“特殊使用级抗菌药物”或者其他类抗菌药物的因素(CM-1-3-1-2)等于""其他因素""(oth)时必填;",若该字段无相应取值，则接口中不必提交该字段,不能超过十个字,,,,,,,,,,
136,CM-1-4-1,使用首剂抗菌药物起始时间,字符串,参考备注,"例:""1970-01-01 12:00""","是否使用预防性抗菌药物(CM-1-1-1)等于""是""(y)时必填;",若该字段无相应取值，则接口中不必提交该字段,,,,,,,,,,,
137,CM-1-5-1,手术时间是否≥3小时,字符串,参考备注,"例:""y""","是否使用预防性抗菌药物(CM-1-1-1)等于""是""(y)时必填;",若该字段无相应取值，则接口中不必提交该字段,见,CM-1-5-1选择代码表,,,,,,,,,
138,CM-1-5-2,是否术中追加抗菌药物,字符串,参考备注,"例:""y""","手术时间是否≥3小时(CM-1-5-1)等于""是""(y)时必填;",若该字段无相应取值，则接口中不必提交该字段,见,CM-1-5-2选择代码表,,,,,,,,,
139,CM-1-5-3,术中出血量是否≥1500ml,字符串,参考备注,"例:""y""","是否使用预防性抗菌药物(CM-1-1-1)等于""是""(y)时必填;",若该字段无相应取值，则接口中不必提交该字段,见,CM-1-5-3选择代码表,,,,,,,,,
140,CM-1-5-4,是否术中追加抗菌药物,字符串,参考备注,"例:""y""","术中出血量是否≥1500ml(CM-1-5-3)等于""是""(y)时必填;",若该字段无相应取值，则接口中不必提交该字段,见,CM-1-5-4选择代码表,,,,,,,,,
141,CM-1-6-1,术后抗菌药物停止使用时间,字符串,参考备注,"例:""1970-01-01 12:00""","是否使用预防性抗菌药物(CM-1-1-1)等于""是""(y)时必填;",若该字段无相应取值，则接口中不必提交该字段,术后抗菌药物停止使用时间应大于等于术前使用首剂抗菌药物起始时间;,术后抗菌药物停止使用时间应小于出院日期时间,,,,,,,,,
142,CM-1-6-2,使用抗菌药物时间使用时间分层,字符串,否,"例:""a""","该字段无需用户填写,由系统自动生成;",默认初始化值:def见,CM-1-6-2选择代码表,,,,,,,,,,
143,CM-1-6-3-2,术后72小时之后继续使用的原因,数组,参考备注,"例:[""a"",""b""]","使用抗菌药物时间使用时间分层(CM-1-6-2)等于""术后72小时之后继续使用""(d)时必填;",若该字段无相应取值，则接口中不必提交该字段,见,CM-1-6-3-2选择代码表,,,,,,,,,
144,CABG-13-1-1,术后医嘱-是否使用阿司匹林药物,字符串,是,"例:""y""",见,CABG-13-1-1选择代码表,,,,,,,,,,,
145,CABG-4-1-2,用药日期时间,字符串,参考备注,"例:""1970-01-01 12:00""","术后医嘱-是否使用阿司匹林药物(CABG-13-1-1)等于""是""(y)时必填;",若该字段无相应取值，则接口中不必提交该字段,,,,,,,,,,,
146,CABG-13-2-1,术后医嘱-是否使用氯吡格雷药物,字符串,是,"例:""y""",见,CABG-13-2-1选择代码表,,,,,,,,,,,
147,CABG-5-4-2,用药日期时间,字符串,参考备注,"例:""1970-01-01 12:00""","术后医嘱-是否使用氯吡格雷药物(CABG-13-2-1)等于""是""(y)时必填;",若该字段无相应取值，则接口中不必提交该字段,,,,,,,,,,,
148,CABG-5-4-3,术后医嘱-是否使用替格瑞洛药物,字符串,是,"例:""y""",见,CABG-5-4-3选择代码表,,,,,,,,,,,
149,CABG-5-4-3-1,用药日期时间,字符串,参考备注,"例:""1970-01-01 12:00""","术后医嘱-是否使用替格瑞洛药物(CABG-5-4-3)等于""是""(y)时必填;",若该字段无相应取值，则接口中不必提交该字段,,,,,,,,,,,
150,CABG-5-1-1,术后是否有活动性出血或血肿,字符串,是,"例:""y""",见,CABG-5-1-1选择代码表,,,,,,,,,,,
151,CABG-5-1-2,术后活动性出血或血肿主要情况,字符串,参考备注,"例:""a""","术后是否有活动性出血或血肿(CABG-5-1-1)等于""是""(y)时必填;",若该字段无相应取值，则接口中不必提交该字段,见,CABG-5-1-2选择代码表,,,,,,,,,
152,CABG-5-2-1,再手术,字符串,是,"例:""y""",见,CABG-5-2-1选择代码表,,,,,,,,,,,
153,CABG-5-2-2,再手术指征,数组,参考备注,"例:[""a"",""b""]","再手术(CABG-5-2-1)等于""是""(y)时必填;",若该字段无相应取值，则接口中不必提交该字段,见,CABG-5-2-2选择代码表,,,,,,,,,
154,CABG-5-2-2-1,其他心脏问题再手术,字符串,参考备注,"例:""填写文字说明""",再手术指征(CABG-5-2-2)等于e或oth时必填;若该字段无相应取值，则接口中不必提交该字段若该字段无相应取值，则接口中不必提交该字段,,,,,,,,,,,,
155,CABG-5-2-2-2,其他非心脏问题再手术,字符串,参考备注,"例:""填写文字说明""",再手术指征(CABG-5-2-2)等于e或oth时必填;若该字段无相应取值，则接口中不必提交该字段若该字段无相应取值，则接口中不必提交该字段,,,,,,,,,,,,
156,CABG-5-4-1,再手术起始时间,字符串,参考备注,"例:""1970-01-01 12:00""","再手术(CABG-5-2-1)等于""是""(y)时必填;",若该字段无相应取值，则接口中不必提交该字段,,,,,,,,,,,
157,CM-2-1,是否有手术后并发证,字符串,是,"例:""y""",见,CM-2-1选择代码表,,,,,,,,,,,
158,CM-2-2,手术后并发证类别及ICD-10四位亚目的选择,数组,参考备注,"例:[""a"",""b""]","是否有手术后并发证(CM-2-1)等于""是""(y)时必填;",若该字段无相应取值，则接口中不必提交该字段,见,CM-2-2选择代码表,,,,,,,,,
159,CM-2-3-1-1,其他手术后并发证类别及ICD-10四位亚目和名称填写,字符串,参考备注,"例:""填写文字说明""","手术后并发证类别及ICD-10四位亚目的选择(CM-2-2)等于""其他""(oth)时必填;",若该字段无相应取值，则接口中不必提交该字段,,,,,,,,,,,
160,CM-2-3-1,介入操作与手术其他并发证,字符串,参考备注,"例:""a""","手术后并发证类别及ICD-10四位亚目的选择(CM-2-2)等于""手术并发症(O04.5，T81.1，T81.2，T81.7，T81.8)""(a)时必填;",若该字段无相应取值，则接口中不必提交该字段,见,CM-2-3-1选择代码表,,,,,,,,,
161,CM-2-3-2,手术患者手术后肺栓塞,字符串,参考备注,"例:""a""","手术后并发证类别及ICD-10四位亚目的选择(CM-2-2)等于""手术患者手术后肺栓塞(I26.9，O04.2，O07.2，O88.2)""(b)时必填;",若该字段无相应取值，则接口中不必提交该字段,见,CM-2-3-2选择代码表,,,,,,,,,
162,CM-2-3-3,手术患者手术后深静脉血栓,字符串,参考备注,"例:""a""","手术后并发证类别及ICD-10四位亚目的选择(CM-2-2)等于""手术患者手术后深静脉血栓(I80.2，I82.8，O22.3，O87.1)""(c)时必填;",若该字段无相应取值，则接口中不必提交该字段,见,CM-2-3-3选择代码表,,,,,,,,,
163,CM-2-3-4,手术患者手术后败血症,字符串,参考备注,"例:""a""","手术后并发证类别及ICD-10四位亚目的选择(CM-2-2)等于""手术患者手术后败血症(T81.4)""(d)时必填;",若该字段无相应取值，则接口中不必提交该字段,见,CM-2-3-4选择代码表,,,,,,,,,
164,CM-2-3-5,手术患者手术后出血或血肿,字符串,参考备注,"例:""a""","手术后并发证类别及ICD-10四位亚目的选择(CM-2-2)等于""手术患者手术后出血或血肿(O04.1，O04.6，O04.8，O07.1，O07.6，T81.0)""(e)时必填;",若该字段无相应取值，则接口中不必提交该字段,见,CM-2-3-5选择代码表,,,,,,,,,
165,CM-2-3-6,手术患者手术伤口裂开,字符串,参考备注,"例:""a""","手术后并发证类别及ICD-10四位亚目的选择(CM-2-2)等于""手术患者手术伤口裂开(T81.3)""(f)时必填;",若该字段无相应取值，则接口中不必提交该字段,见,CM-2-3-6选择代码表,,,,,,,,,
166,CM-2-3-7,手术患者猝死,字符串,参考备注,"例:""a""","手术后并发证类别及ICD-10四位亚目的选择(CM-2-2)等于""手术患者猝死（手术后24小时内死亡）(R96.0，R96.1)""(g)时必填;",若该字段无相应取值，则接口中不必提交该字段,见,CM-2-3-7选择代码表,,,,,,,,,
167,CM-2-3-8,手术患者手术后呼吸道并发证,字符串,参考备注,"例:""a""","手术后并发证类别及ICD-10四位亚目的选择(CM-2-2)等于""手术患者手术后呼吸道并发症(J95.0至J95.9，J96.0，J96.9)""(h)时必填;",若该字段无相应取值，则接口中不必提交该字段,见,CM-2-3-8选择代码表,,,,,,,,,
168,CM-2-3-9,手术患者手术后生理/代谢紊乱,字符串,参考备注,"例:""a""","手术后并发证类别及ICD-10四位亚目的选择(CM-2-2)等于""手术患者手术后生理/代谢紊乱(E86.x0，E87.0至E87.8，E88.8，E88.9，E89.0至E89.9)""(i)时必填;",若该字段无相应取值，则接口中不必提交该字段,见,CM-2-3-9选择代码表,,,,,,,,,
169,CM-2-3-10,与手术/操作相关感染,字符串,参考备注,"例:""a""","手术后并发证类别及ICD-10四位亚目的选择(CM-2-2)等于""与手术/操作相关感染(O04.0，O07.0，T81.4)""(j)时必填;",若该字段无相应取值，则接口中不必提交该字段,见,CM-2-3-10选择代码表,,,,,,,,,
170,CM-2-3-11,手术过程中异物遗留,字符串,参考备注,"例:""a""","手术后并发证类别及ICD-10四位亚目的选择(CM-2-2)等于""手术过程中异物遗留(T81.5)""(k)时必填;",若该字段无相应取值，则接口中不必提交该字段,见,CM-2-3-11选择代码表,,,,,,,,,
171,CM-2-3-12,麻醉并发症,字符串,参考备注,"例:""a""","手术后并发证类别及ICD-10四位亚目的选择(CM-2-2)等于""麻醉并发症(T88.2，T88.3，T88.4，T88.5)""(l)时必填;",若该字段无相应取值，则接口中不必提交该字段,见,CM-2-3-12选择代码表,,,,,,,,,
172,CM-2-3-13,输注、输血反应,字符串,参考备注,"例:""i""","手术后并发证类别及ICD-10四位亚目的选择(CM-2-2)等于""输注、输血反应(T80.0至T80.9)""(m)时必填;",若该字段无相应取值，则接口中不必提交该字段,见,CM-2-3-13选择代码表,,,,,,,,,
173,CM-2-70,住院患者发生压疮,字符串,参考备注,"例:""a""","手术后并发证类别及ICD-10四位亚目的选择(CM-2-2)等于""住院患者发生压疮(L89.0至L89.9)""(n)时必填;",若该字段无相应取值，则接口中不必提交该字段,见,CM-2-70选择代码表,,,,,,,,,
174,CM-2-71,循环系统术后并发证,字符串,参考备注,"例:""a""","手术后并发证类别及ICD-10四位亚目的选择(CM-2-2)等于""循环系统术后并发症(I97.0至I97.9)""(o)时必填;",若该字段无相应取值，则接口中不必提交该字段,见,CM-2-71选择代码表,,,,,,,,,
175,CM-2-72,心脏和血管植入物的并发证,字符串,参考备注,"例:""a""","手术后并发证类别及ICD-10四位亚目的选择(CM-2-2)等于""心脏和血管植入物的并发症（不包括脓毒症）(T82.0至T82.9)""(p)时必填;",若该字段无相应取值，则接口中不必提交该字段,见,CM-2-72选择代码表,,,,,,,,,
176,CM-2-73,脑卒中/脑血管事件,字符串,参考备注,"例:""a""","手术后并发证类别及ICD-10四位亚目的选择(CM-2-2)等于""脑卒中/脑血管事件(I61-I64)""(q)时必填;",若该字段无相应取值，则接口中不必提交该字段,见,CM-2-73选择代码表,,,,,,,,,
177,CABG-6-2-4,CABG术后特指并发症--手术后急性肾损伤,字符串,参考备注,"例:""a""","是否有手术后并发证(CM-2-1)等于""是""(y)时可填写;",若该字段无相应取值，则接口中不必提交该字段,见,CABG-6-2-4选择代码表,,,,,,,,,
178,CABG-7-2,是否进行术后头颅影像学检查,字符串,是,"例:""y""",见,CABG-7-2选择代码表,,,,,,,,,,,
179,CM-2-4,头颅影像学检查结果,字符串,参考备注,"例:""a""","是否进行术后头颅影像学检查(CABG-7-2)等于""是""(y)时必填;",若该字段无相应取值，则接口中不必提交该字段,见,CM-2-4选择代码表,,,,,,,,,
180,CABG-14-1-1,出院带药医嘱：阿司匹林医嘱,字符串,参考备注,"例:""y""","离院方式选择(CM-4-3)等于""死亡""(e)时无需填写;",若该字段无相应取值，则接口中不必提交该字段,见,CABG-14-1-1选择代码表,,,,,,,,,
181,CABG-14-1-2,药物品名的选择,字符串,参考备注,"例:""a""","出院带药医嘱：阿司匹林医嘱(CABG-14-1-1)等于""是""(y)时必填;","离院方式选择(CM-4-3)等于""死亡""(e)时无需填写;",若该字段无相应取值，则接口中不必提交该字段,见,CABG-14-1-2选择代码表,,,,,,,,
182,CABG-14-1-2-1,其他抗血小板药物,字符串,参考备注,"例:""填写文字说明""","药物品名的选择(CABG-14-1-2)等于""其他抗血小板药物（注明药品通用名称）""(oth)时必填;","离院方式选择(CM-4-3)等于""死亡""(e)时无需填写;",若该字段无相应取值，则接口中不必提交该字段,,,,,,,,,,
183,CABG-14-2-1,出院带药医嘱-β阻滞剂医嘱,字符串,参考备注,"例:""y""","离院方式选择(CM-4-3)等于""死亡""(e)时无需填写;",若该字段无相应取值，则接口中不必提交该字段,见,CABG-14-2-1选择代码表,,,,,,,,,
184,CABG-14-2-2,药物品名的选择,字符串,参考备注,"例:""a""","出院带药医嘱-β阻滞剂医嘱(CABG-14-2-1)等于""是""(y)时必填;","离院方式选择(CM-4-3)等于""死亡""(e)时无需填写;",若该字段无相应取值，则接口中不必提交该字段,见,CABG-14-2-2选择代码表,,,,,,,,
185,CABG-14-2-3,其他β-受体阻滞剂,字符串,参考备注,"例:""填写文字说明""","药物品名的选择(CABG-14-2-2)等于""其他β-受体阻滞剂(注明药品通用名称）""(oth)时必填;","离院方式选择(CM-4-3)等于""死亡""(e)时无需填写;",若该字段无相应取值，则接口中不必提交该字段,,,,,,,,,,
186,CABG-14-3-1,出院带药医嘱-他汀类药物医嘱,字符串,参考备注,"例:""y""","离院方式选择(CM-4-3)等于""死亡""(e)时无需填写;",若该字段无相应取值，则接口中不必提交该字段,见,CABG-14-3-1选择代码表,,,,,,,,,
187,CABG-14-3-2,药物品名的选择,字符串,参考备注,"例:""a""","出院带药医嘱-他汀类药物医嘱(CABG-14-3-1)等于""是""(y)时必填;","离院方式选择(CM-4-3)等于""死亡""(e)时无需填写;",若该字段无相应取值，则接口中不必提交该字段,见,CABG-14-3-2选择代码表,,,,,,,,
188,CABG-14-3-2-1,其他降脂药物,字符串,参考备注,"例:""填写文字说明""","药物品名的选择(CABG-14-3-2)等于""其他降脂药物""(oth)时必填;","离院方式选择(CM-4-3)等于""死亡""(e)时无需填写;",若该字段无相应取值，则接口中不必提交该字段,,,,,,,,,,
189,CABG-7-1,手术前健康教育项目的选择,数组,参考备注,"例:[""a"",""b""]","离院方式选择(CM-4-3)等于""死亡""(e)时无需填写;",若该字段无相应取值，则接口中不必提交该字段,见,CABG-7-1选择代码表,,,,,,,,,
190,CABG-7-4-1-1,围术期心梗的护理措施,数组,参考备注,"例:[""a"",""b""]","离院方式选择(CM-4-3)等于""死亡""(e)时无需填写;",若该字段无相应取值，则接口中不必提交该字段,见,CABG-7-4-1-1选择代码表,,,,,,,,,
191,CABG-7-4-1-2,循环维护,数组,参考备注,"例:[""a"",""b""]","离院方式选择(CM-4-3)等于""死亡""(e)时无需填写;",若该字段无相应取值，则接口中不必提交该字段,见,CABG-7-4-1-2选择代码表,,,,,,,,,
192,CABG-7-4-1-3,心律失常,数组,参考备注,"例:[""a"",""b""]","离院方式选择(CM-4-3)等于""死亡""(e)时无需填写;",若该字段无相应取值，则接口中不必提交该字段,见,CABG-7-4-1-3选择代码表,,,,,,,,,
193,CABG-7-4-1-4,下肢组织灌注量改变,数组,参考备注,"例:[""a"",""b""]","离院方式选择(CM-4-3)等于""死亡""(e)时无需填写;",若该字段无相应取值，则接口中不必提交该字段,见,CABG-7-4-1-4选择代码表,,,,,,,,,
194,CABG-7-4-1-5,合并糖尿病的护理,数组,参考备注,"例:[""a"",""b""]","离院方式选择(CM-4-3)等于""死亡""(e)时无需填写;",若该字段无相应取值，则接口中不必提交该字段,见,CABG-7-4-1-5选择代码表,,,,,,,,,
195,CABG-7-4-1-6,术后主要护理措施无法确定或无记录,数组,参考备注,"例:[""UTD""]","离院方式选择(CM-4-3)等于""死亡""(e)时无需填写;",若该字段无相应取值，则接口中不必提交该字段,见,CABG-7-4-1-6选择代码表,,,,,,,,,
196,CABG-7-3-1,血运重建术后应当定期进行全面的临床和预后评估的选择,数组,参考备注,"例:[""a"",""b""]","离院方式选择(CM-4-3)等于""死亡""(e)时无需填写;",若该字段无相应取值，则接口中不必提交该字段,见,CABG-7-3-1选择代码表,,,,,,,,,
197,CABG-7-3-2,应当对患者进行健康教育的选择,数组,参考备注,"例:[""a"",""b""]","离院方式选择(CM-4-3)等于""死亡""(e)时无需填写;",若该字段无相应取值，则接口中不必提交该字段,见,CABG-7-3-2选择代码表,,,,,,,,,
198,CABG-7-3-3,饮食和体重的控制标准的选择,数组,参考备注,"例:[""a"",""b""]","离院方式选择(CM-4-3)等于""死亡""(e)时无需填写;",若该字段无相应取值，则接口中不必提交该字段,见,CABG-7-3-3选择代码表,,,,,,,,,
199,CABG-7-3-4,推荐选择健康食品，改变生活方式、饮食疗法及药物治疗的选择,数组,参考备注,"例:[""a"",""b""]","离院方式选择(CM-4-3)等于""死亡""(e)时无需填写;",若该字段无相应取值，则接口中不必提交该字段,见,CABG-7-3-4选择代码表,,,,,,,,,
200,CABG-7-3-5,糖尿病患者控制血糖水平,数组,参考备注,"例:[""a"",""b""]","离院方式选择(CM-4-3)等于""死亡""(e)时无需填写;",若该字段无相应取值，则接口中不必提交该字段,见,CABG-7-3-5选择代码表,,,,,,,,,
201,CM-3-1,手术野皮肤准备常用方法的选择,字符串,是,"例:""a""",见,CM-3-1选择代码表,,,,,,,,,,,
202,CM-3-2,使用含抗菌剂（三氯生）缝线,字符串,是,"例:""a""",见,CM-3-2选择代码表,,,,,,,,,,,
203,CM-3-2-1,其他含抗菌剂缝线填写,字符串,参考备注,"例:""填写文字说明""","使用含抗菌剂（三氯生）缝线(CM-3-2)等于""其他含抗菌剂（三氯生）缝线""(d)时必填;",若该字段无相应取值，则接口中不必提交该字段,,,,,,,,,,,
204,CM-3-3,手术切口类别的选择,字符串,是,"例:""a""",见,CM-3-3选择代码表,,,,,,,,,,,
205,CM-3-4,手术切口愈合情况的选择,字符串,是,"例:""a""",见,CM-3-4选择代码表,,,,,,,,,,,
206,CM-4-3,离院方式选择,字符串,是,"例:""a""",见,CM-4-3选择代码表,,,,,,,,,,,
207,CM-4-5,非医嘱离院可能涉及因素,数组,参考备注,"例:[""a"",""b""]","离院方式选择(CM-4-3)等于""非医嘱离院""(d)时可填写;",若该字段无相应取值，则接口中不必提交该字段,见,CM-4-5选择代码表,,,,,,,,,
208,CM-4-4-1,其他非医嘱离院因素填写,字符串,参考备注,"例:""填写文字说明""","非医嘱离院可能涉及因素(CM-4-5)等于""其他""(oth)时必填;",若该字段无相应取值，则接口中不必提交该字段,,,,,,,,,,,
209,CM-4-6,死亡可能涉及因素,字符串,参考备注,"例:""a""","离院方式选择(CM-4-3)等于""死亡""(e)时必填;",若该字段无相应取值，则接口中不必提交该字段,见,CM-4-6选择代码表,,,,,,,,,
210,CM-5-1,患者是否对服务的体验与评价,字符串,参考备注,"例:""y""","离院方式选择(CM-4-3)等于""死亡""(e)时无需填写;",若该字段无相应取值，则接口中不必提交该字段,见,CM-5-1选择代码表,,,,,,,,,
211,CM-5-2-1,整体医院评级,字符串,参考备注,"例:""a""","离院方式选择(CM-4-3)等于""死亡""(e)时无需填写;","患者是否对服务的体验与评价(CM-5-1)等于""是""(y)时必填;",若该字段无相应取值，则接口中不必提交该字段,见,CM-5-2-1选择代码表,,,,,,,,
212,CM-5-2-2,患者推荐,字符串,参考备注,"例:""a""","离院方式选择(CM-4-3)等于""死亡""(e)时无需填写;","患者是否对服务的体验与评价(CM-5-1)等于""是""(y)时必填;",若该字段无相应取值，则接口中不必提交该字段,见,CM-5-2-2选择代码表,,,,,,,,
213,CM-5-2-3,病房、床单元和卫生间清洁度,字符串,参考备注,"例:""a""","离院方式选择(CM-4-3)等于""死亡""(e)时无需填写;","患者是否对服务的体验与评价(CM-5-1)等于""是""(y)时必填;",若该字段无相应取值，则接口中不必提交该字段,见,CM-5-2-3选择代码表,,,,,,,,
214,CM-5-2-5,病房与周边噪音,字符串,参考备注,"例:""a""","离院方式选择(CM-4-3)等于""死亡""(e)时无需填写;","患者是否对服务的体验与评价(CM-5-1)等于""是""(y)时必填;",若该字段无相应取值，则接口中不必提交该字段,见,CM-5-2-5选择代码表,,,,,,,,
215,CM-5-2-6,医生沟通,字符串,参考备注,"例:""a""","离院方式选择(CM-4-3)等于""死亡""(e)时无需填写;","患者是否对服务的体验与评价(CM-5-1)等于""是""(y)时必填;",若该字段无相应取值，则接口中不必提交该字段,见,CM-5-2-6选择代码表,,,,,,,,
216,CM-5-2-7,护士沟通,字符串,参考备注,"例:""a""","离院方式选择(CM-4-3)等于""死亡""(e)时无需填写;","患者是否对服务的体验与评价(CM-5-1)等于""是""(y)时必填;",若该字段无相应取值，则接口中不必提交该字段,见,CM-5-2-7选择代码表,,,,,,,,
217,CM-5-2-8,药师沟通,字符串,参考备注,"例:""a""","离院方式选择(CM-4-3)等于""死亡""(e)时无需填写;","患者是否对服务的体验与评价(CM-5-1)等于""是""(y)时必填;",若该字段无相应取值，则接口中不必提交该字段,见,CM-5-2-8选择代码表,,,,,,,,
218,CM-5-2-9,康复计划,字符串,参考备注,"例:""a""","离院方式选择(CM-4-3)等于""死亡""(e)时无需填写;","患者是否对服务的体验与评价(CM-5-1)等于""是""(y)时必填;",若该字段无相应取值，则接口中不必提交该字段,见,CM-5-2-9选择代码表,,,,,,,,
219,CM-5-2-10,出院时的知情告知,字符串,参考备注,"例:""a""","离院方式选择(CM-4-3)等于""死亡""(e)时无需填写;","患者是否对服务的体验与评价(CM-5-1)等于""是""(y)时必填;",若该字段无相应取值，则接口中不必提交该字段,见,CM-5-2-10选择代码表,,,,,,,,
220,CM-5-2-11,膳食评价,字符串,参考备注,"例:""a""","离院方式选择(CM-4-3)等于""死亡""(e)时无需填写;","患者是否对服务的体验与评价(CM-5-1)等于""是""(y)时必填;",若该字段无相应取值，则接口中不必提交该字段,见,CM-5-2-11选择代码表,,,,,,,,
221,CM-6-1,住院总费用,数值,是,例:10,住院总费用要大于0;,住院总费用要小于1000000;,住院总费用应大于等于各项费用之和,,,,,,,,,,
222,CM-6-2,住院总费用其中自付金额,数值,是,例:10,自付金额要,自付金额应≤住院总费用,,,,,,,,,,,
223,CM-6-3,一般医疗服务费,数值,是,例:10,一般医疗服务费要,,,,,,,,,,,,
224,CM-6-4,一般治疗操作费,数值,是,例:10,一般治疗操作费要,,,,,,,,,,,,
225,CM-6-5,护理费,数值,是,例:10,护理费要,,,,,,,,,,,,
226,CM-6-6,综合医疗服务类其他费用,数值,是,例:10,综合医疗服务类其他费用要≥0,,,,,,,,,,,,
227,CM-6-7,病理诊断费,数值,是,例:10,病理诊断费要≥0,,,,,,,,,,,,
228,CM-6-8,实验室诊断费,数值,是,例:10,实验室诊断费要≥0,,,,,,,,,,,,
229,CM-6-9,影像学诊断费,数值,是,例:10,影像学诊断费要≥0,,,,,,,,,,,,
230,CM-6-10,临床诊断项目费,数值,是,例:10,临床诊断项目费要≥0,,,,,,,,,,,,
231,CM-6-11,非手术治疗项目费,数值,是,例:10,非手术治疗项目费要≥0,,,,,,,,,,,,
232,CM-6-12,其中：临床物理治疗费,数值,是,例:10,临床物理治疗费要≥0,,,,,,,,,,,,
233,CM-6-13,手术治疗费,数值,是,例:10,手术治疗费要≥0,,,,,,,,,,,,
234,CM-6-14,其中：麻醉费,数值,是,例:10,麻醉费要≥0,,,,,,,,,,,,
235,CM-6-15,其中：手术费,数值,是,例:10,手术费要≥0,,,,,,,,,,,,
236,CM-6-16,康复费,数值,是,例:10,康复费要≥0,,,,,,,,,,,,
237,CM-6-17,中医治疗费,数值,是,例:10,中医治疗费要≥0,,,,,,,,,,,,
238,CM-6-18,西药费,数值,是,例:10,西药费要≥0,,,,,,,,,,,,
239,CM-6-19,其中：抗菌药物费,数值,是,例:10,抗菌药物费要≥0,,,,,,,,,,,,
240,CM-6-20,中成药费,数值,是,例:10,中成药费要≥0,,,,,,,,,,,,
241,CM-6-21,中草药费,数值,是,例:10,中草药费要≥0,,,,,,,,,,,,
242,CM-6-22,血费,数值,是,例:10,血费要≥0,,,,,,,,,,,,
243,CM-6-23,白蛋白类制品费,数值,是,例:10,白蛋白类制品费要≥0,,,,,,,,,,,,
244,CM-6-24,球蛋白类制品费,数值,是,例:10,球蛋白类制品费要≥0,,,,,,,,,,,,
245,CM-6-25,凝血因子类制品费,数值,是,例:10,凝血因子类制品费要≥0,,,,,,,,,,,,
246,CM-6-26,细胞因子类制品费,数值,是,例:10,细胞因子类制品费要≥0,,,,,,,,,,,,
247,CM-6-27,检查用一次性医用材料费,数值,是,例:10,检查用一次性医用材料费要≥0,,,,,,,,,,,,
248,CM-6-28,治疗用一次性医用材料费,数值,是,例:10,治疗用一次性医用材料费要≥0,,,,,,,,,,,,
249,CM-6-29,手术用一次性医用材料费,数值,是,例:10,手术用一次性医用材料费要≥0,,,,,,,,,,,,
,CM-6-30,其他费,数值,是,例:10,其他费要≥0,,,,,,,,,,,,