序号,字段名称,数据采集项,数据类型,上传时不能为空,举例,备注,序号,序号,,,,,,
0,,,,,,,,,,,,,,
1,CM-0-1-1-1,质控医师,字符串,是,"例:""填写文字说明""",不能超过50个文字说明;,只允许填写中文汉字、字母、数字,,,,,,,
2,CM-0-1-1-2,质控护士,字符串,是,"例:""填写文字说明""",不能超过50个文字说明;,只允许填写中文汉字、字母、数字,,,,,,,
3,CM-0-1-1-3,主治医师,字符串,是,"例:""填写文字说明""",不能超过50个文字说明;,只允许填写中文汉字、字母、数字,,,,,,,
4,CM-0-1-1-4,责任护士,字符串,是,"例:""填写文字说明""",不能超过50个文字说明;,只允许填写中文汉字、字母、数字,,,,,,,
5,CM-0-1-1-5,上报科室,字符串,是,"例:""填写文字说明""",不能超过50个文字说明;,只允许填写中文汉字、字母、数字,,,,,,,
6,caseId,患者病案号,字符串,是,"例:""填写文字说明""",,,,,,,,,
7,IDCard,患者身份证号,字符串,是,"例:""填写文字说明""",身份证号不正确,,,,,,,,
8,CM-0-1-3-1,主要诊断ICD-10四位亚目编码与名称,数组,是,"例:[""a"",""b""]",见,CM-0-1-3-1选择代码表,,,,,,,
9,CM-0-1-3-2,主要诊断ICD-10六位临床扩展编码与名称,数组,是,"例:[""UTD"",""1""]",见,CM-0-1-3-2选择代码表,,,,,,,
10,CM-0-1-4-1,主要手术操作栏中提取ICD-9-CM-3四位亚目编码与名称,字符串,是,"例:""a""",见,CM-0-1-4-1选择代码表,,,,,,,
11,CM-0-1-4-2,主要手术操作栏中提取ICD-9-CM-3六位临床扩展编码与名称,字符串,是,"例:""UTD""",见,CM-0-1-4-2选择代码表,,,,,,,
12,CM-0-1-5,是否出院后31天内重复住院,字符串,是,"例:""y""",见,CM-0-1-5选择代码表,,,,,,,
13,CM-0-2-1-1,出生日期,字符串,是,"例:""1970-01-01""",,,,,,,,,
14,CM-0-2-1-2,患者性别,字符串,是,"例:""M""",见,CM-0-2-1-2选择代码表,,,,,,,
15,CM-0-2-1-3,患者体重（kg）,数值,是,例:10,患者体重应大于等于0,,,,,,,,
16,CM-0-2-1-5,患者身高（cm）,数值,是,例:10,患者身高应大于等于0,,,,,,,,
17,CM-0-2-2-1,糖尿病发病日期时间是否无法确定或无记录,数组,否,"例:[""UTD""]",若该字段无相应取值，则接口中不必提交该字段,见,CM-0-2-2-1选择代码表,,,,,,
18,CM-0-2-2-2,糖尿病发病日期时间,字符串,参考备注,"例:""1970-01-01 12:00""","糖尿病发病日期时间是否无法确定或无记录(CM-0-2-2-1)等于""无法确定或无记录""(UTD)时无需填写;",若该字段无相应取值，则接口中不必提交该字段,,,,,,,
19,DKD-0-2-2-1,肾病发病日期时间是否无法确定或无记录,数组,否,"例:[""UTD""]",若该字段无相应取值，则接口中不必提交该字段,见,DKD-0-2-2-1选择代码表,,,,,,
20,DKD-0-2-2-2,肾病发病日期时间,字符串,参考备注,"例:""1970-01-01 12:00""","肾病发病日期时间是否无法确定或无记录(DKD-0-2-2-1)等于""无法确定或无记录""(UTD)时无需填写;",若该字段无相应取值，则接口中不必提交该字段,,,,,,,
21,CM-0-2-3-1,到达本院急诊或者门诊日期时间是否无法确定或无记录,数组,否,"例:[""UTD""]",若该字段无相应取值，则接口中不必提交该字段,见,CM-0-2-3-1选择代码表,,,,,,
22,CM-0-2-3-2,到达本院急诊或者门诊日期时间,字符串,参考备注,"例:""1970-01-01 12:00""","到达本院急诊或者门诊日期时间是否无法确定或无记录(CM-0-2-3-1)等于""无法确定或无记录""(UTD)时无需填写;",若该字段无相应取值，则接口中不必提交该字段,,,,,,,
23,CM-0-2-4-1,入院日期时间,字符串,是,"例:""1970-01-01 12:00""",,,,,,,,,
24,CM-0-2-4-2,出院日期时间,字符串,是,"例:""1970-01-01 12:00""",出院日期时间应大于入院日期时间;,住院时间应大于24小时;,住院时间应应小于90天,,,,,,
25,DKD-0-2-6-1,肾活检操作日期是否无法确定或无记录,数组,否,"例:[""UTD""]",若该字段无相应取值，则接口中不必提交该字段,见,DKD-0-2-6-1选择代码表,,,,,,
26,DKD-0-2-6,肾活检操作日期,字符串,参考备注,"例:""1970-01-01 12:00""","肾活检操作日期是否无法确定或无记录(DKD-0-2-6-1)等于""无法确定或无记录""(UTD)时无需填写;",若该字段无相应取值，则接口中不必提交该字段,肾活检操作日期应小于等于出院日期时间,,,,,,
27,CM-0-3-1,费用支付方式,字符串,是,"例:""a""",见,CM-0-3-1选择代码表,,,,,,,
28,CM-0-3-2,收入住院途径,字符串,是,"例:""a""",见,CM-0-3-2选择代码表,,,,,,,
29,CM-0-3-3,到院交通工具,字符串,是,"例:""a""",见,CM-0-3-3选择代码表,,,,,,,
30,DKD-1-1-1,入院首次实验室检测,数组,是,"例:[""a"",""b""]",见,DKD-1-1-1选择代码表,,,,,,,
31,DKD-1-1-1-1,尿蛋白检测值,字符串,参考备注,"例:""填写文字说明""","入院首次实验室检测(DKD-1-1-1)等于""尿常规：尿蛋白检测""(a)时可填写;",若该字段无相应取值，则接口中不必提交该字段,,,,,,,
32,DKD-1-1-1-2,肌酐（ACR）检测值(mg/mmol),数值,参考备注,例:10,"入院首次实验室检测(DKD-1-1-1)等于""肌酐（ACR）检测 ★""(b)时必填;",若该字段无相应取值，则接口中不必提交该字段,肌酐（ACR）检测值填写值范围(0~1000);,肌酐（ACR）检测值填写值范围(0~1000),,,,,
33,DKD-1-1-1-3,24小时尿蛋白定量检测值(mg/24h),数值,参考备注,例:10,"入院首次实验室检测(DKD-1-1-1)等于""24小时尿蛋白定量检测 ★""(c)时必填;",若该字段无相应取值，则接口中不必提交该字段,24小时尿蛋白定量检测值填写值应大于等于0,,,,,,
34,DKD-1-1-2,提取最后一个项目的检测结果报告时间,字符串,是,"例:""1970-01-01 12:00""",,,,,,,,,
35,DKD-1-1-3,蛋白尿程度的分层,字符串,是,"例:""a""",见,DKD-1-1-3选择代码表,,,,,,,
36,DKD-1-2-1,肾小球滤过率GFR数值(mL/min/1.73m²),数值,是,例:10,肾小球滤过率GFR数值填写值应大于等于0,,,,,,,,
37,DKD-1-2-2,血肌酐（Scr）检测结果首次报告日期时间,字符串,是,"例:""1970-01-01 12:00""",,,,,,,,,
38,DKD-1-2-3,CKD分期,字符串,是,"例:""a""",见,DKD-1-2-3选择代码表,,,,,,,
39,DKD-2-1-1,是否实施视网膜病变检测,字符串,是,"例:""y""",见,DKD-2-1-1选择代码表,,,,,,,
40,DKD-2-1-2,首次眼底检查项目内容,数组,参考备注,"例:[""a"",""b""]","是否实施视网膜病变检测(DKD-2-1-1)等于""是""(y)时必填;",若该字段无相应取值，则接口中不必提交该字段,见,DKD-2-1-2选择代码表,,,,,
41,DKD-2-1-3,最后一个项目结果报告日期时间,字符串,参考备注,"例:""1970-01-01 12:00""","是否实施视网膜病变检测(DKD-2-1-1)等于""是""(y)时必填;","首次眼底检查项目内容(DKD-2-1-2)等于""无法确定或无记录""(UTD)时无需填写;",若该字段无相应取值，则接口中不必提交该字段,,,,,,
42,DKD-2-1-4,眼底检查辅助检查,数组,参考备注,"例:[""a"",""b""]","是否实施视网膜病变检测(DKD-2-1-1)等于""是""(y)时必填;",若该字段无相应取值，则接口中不必提交该字段,见,DKD-2-1-4选择代码表,,,,,
43,DKD-2-1-5,最后一个项目结果报告日期时间,字符串,参考备注,"例:""1970-01-01 12:00""","是否实施视网膜病变检测(DKD-2-1-1)等于""是""(y)时必填;","眼底检查辅助检查(DKD-2-1-4)等于""无法确定或无记录""(UTD)时无需填写;",若该字段无相应取值，则接口中不必提交该字段,,,,,,
44,DKD-2-1-6,是否有糖尿病视网膜病变,字符串,参考备注,"例:""y""","是否实施视网膜病变检测(DKD-2-1-1)等于""是""(y)时必填;",若该字段无相应取值，则接口中不必提交该字段,见,DKD-2-1-6选择代码表,,,,,
45,DKD-2-1-7,糖尿病视网膜病变诊断及分期,字符串,参考备注,"例:""a""","是否有糖尿病视网膜病变(DKD-2-1-6)等于""是""(y)时必填;",若该字段无相应取值，则接口中不必提交该字段,见,DKD-2-1-7选择代码表,,,,,
46,DKD-2-2-1,是否实施血管病变检测,字符串,是,"例:""y""",见,DKD-2-2-1选择代码表,,,,,,,
47,DKD-2-2-2,实施血管病变检测,数组,参考备注,"例:[""a"",""b""]","是否实施血管病变检测(DKD-2-2-1)等于""是""(y)时必填;",若该字段无相应取值，则接口中不必提交该字段,见,DKD-2-2-2选择代码表,,,,,
48,DKD-2-2-2-1,实施血管病变其他检测,字符串,参考备注,"例:""填写文字说明""","实施血管病变检测(DKD-2-2-2)等于""其他""(oth)时必填;",若该字段无相应取值，则接口中不必提交该字段,文本长度不能超过20个字说明,,,,,,
49,DKD-2-2-3,血管病变,数组,参考备注,"例:[""a"",""b""]","是否实施血管病变检测(DKD-2-2-1)等于""是""(y)时必填;",若该字段无相应取值，则接口中不必提交该字段,见,DKD-2-2-3选择代码表,,,,,
50,DKD-2-2-3-1,其他血管病变,字符串,参考备注,"例:""填写文字说明""","血管病变(DKD-2-2-3)等于""其他""(oth)时必填;",若该字段无相应取值，则接口中不必提交该字段,文本长度不能超过20个字说明,,,,,,
51,DKD-2-3-1,糖尿病其他并发症或合并症,数组,参考备注,"例:[""a"",""b""]","是否实施血管病变检测(DKD-2-2-1)等于""是""(y)时必填;",若该字段无相应取值，则接口中不必提交该字段,见,DKD-2-3-1选择代码表,,,,,
52,DKD-2-3-1-1,其他糖尿病并发症,字符串,参考备注,"例:""填写文字说明""","糖尿病其他并发症或合并症(DKD-2-3-1)等于""其他""(oth)时必填;",若该字段无相应取值，则接口中不必提交该字段,文本长度不能超过20个字说明,,,,,,
53,DKD-3-1-0,是否有做肾脏组织活检,字符串,是,"例:""y""",见,DKD-3-1-0选择代码表,,,,,,,
54,DKD-3-1-1,是否有肾穿刺活检的禁忌证,字符串,参考备注,"例:""y""","是否有做肾脏组织活检(DKD-3-1-0)等于""是""(y)时必填;",若该字段无相应取值，则接口中不必提交该字段,见,DKD-3-1-1选择代码表,,,,,
55,DKD-3-1-2,肾穿刺活检禁忌证,数组,参考备注,"例:[""a"",""b""]","是否有肾穿刺活检的禁忌证(DKD-3-1-1)等于""是""(y)时必填;","不必须行肾脏组织活检病理检查的情况(DKD-3-1-3)等于""请选择""(def)时必填;",若该字段无相应取值，则接口中不必提交该字段,见,DKD-3-1-2选择代码表,,,,
56,DKD-3-1-2-1,肾穿刺活检其他禁忌证,字符串,参考备注,"例:""填写文字说明""","肾穿刺活检禁忌证(DKD-3-1-2)等于""其他""(oth)时必填;",若该字段无相应取值，则接口中不必提交该字段,文本长度不能超过20个字说明,,,,,,
57,DKD-3-1-3,不必须行肾脏组织活检病理检查的情况,字符串,参考备注,"例:""a""","是否有肾穿刺活检的禁忌证(DKD-3-1-1)等于""是""(y)时必填;","肾穿刺活检禁忌证(DKD-3-1-2)不等于""其他""(oth)时无需填写;","肾穿刺活检禁忌证(DKD-3-1-2)大于""null""(0)时必填;",若该字段无相应取值，则接口中不必提交该字段,见,DKD-3-1-3选择代码表,,,
58,DKD-3-1-3-1,不必须行肾脏组织活检病理检查其他情况,字符串,参考备注,"例:""填写文字说明""","肾穿刺活检禁忌证(DKD-3-1-2)不等于""其他""(oth)时无需填写;","不必须行肾脏组织活检病理检查的情况(DKD-3-1-3)等于""其他""(oth)时必填;",若该字段无相应取值，则接口中不必提交该字段,文本长度不能超过50个字说明,,,,,
59,DKD-3-1-4,肾脏组织活检病理检查的适应证,数组,参考备注,"例:[""a"",""b""]","是否有做肾脏组织活检(DKD-3-1-0)等于""是""(y)时必填;","是否有肾穿刺活检的禁忌证(DKD-3-1-1)等于""否""(n)时必填;","是否有肾穿刺活检的禁忌证(DKD-3-1-1)等于""是""(y)时必填;","肾穿刺活检禁忌证(DKD-3-1-2)不等于""其他""(oth)时无需填写;","不必须行肾脏组织活检病理检查的情况(DKD-3-1-3)不等于""其他""(oth)时无需填写;",若该字段无相应取值，则接口中不必提交该字段,见,DKD-3-1-4选择代码表,
60,DKD-3-1-5,是否签署知情同意,字符串,参考备注,"例:""UTD""","是否有做肾脏组织活检(DKD-3-1-0)等于""是""(y)时必填;","是否有肾穿刺活检的禁忌证(DKD-3-1-1)等于""否""(n)时必填;","是否有肾穿刺活检的禁忌证(DKD-3-1-1)等于""是""(y)时必填;","肾穿刺活检禁忌证(DKD-3-1-2)不等于""其他""(oth)时无需填写;","不必须行肾脏组织活检病理检查的情况(DKD-3-1-3)不等于""其他""(oth)时无需填写;",若该字段无相应取值，则接口中不必提交该字段,见,DKD-3-1-5选择代码表,
61,DKD-3-1-6,闭合性[经皮][针吸]肾活组织检查术式,字符串,参考备注,"例:""a""","是否有做肾脏组织活检(DKD-3-1-0)等于""是""(y)时必填;","是否有肾穿刺活检的禁忌证(DKD-3-1-1)等于""否""(n)时必填;","是否有肾穿刺活检的禁忌证(DKD-3-1-1)等于""是""(y)时必填;","肾穿刺活检禁忌证(DKD-3-1-2)不等于""其他""(oth)时无需填写;","不必须行肾脏组织活检病理检查的情况(DKD-3-1-3)不等于""其他""(oth)时无需填写;",若该字段无相应取值，则接口中不必提交该字段,见,DKD-3-1-6选择代码表,
62,DKD-3-1-6-1,闭合性[经皮][针吸]肾活组织检查其他术式,字符串,参考备注,"例:""填写文字说明""","肾穿刺活检禁忌证(DKD-3-1-2)不等于""其他""(oth)时无需填写;","不必须行肾脏组织活检病理检查的情况(DKD-3-1-3)不等于""其他""(oth)时无需填写;","闭合性[经皮][针吸]肾活组织检查术式(DKD-3-1-6)等于""其他""(oth)时必填;",若该字段无相应取值，则接口中不必提交该字段,文本长度不能超过20个字说明,,,,
63,DKD-3-1-7,肾脏组织活检日期,字符串,参考备注,"例:""1970-01-01""","是否有做肾脏组织活检(DKD-3-1-0)等于""是""(y)时必填;","是否有肾穿刺活检的禁忌证(DKD-3-1-1)等于""否""(n)时必填;","是否有肾穿刺活检的禁忌证(DKD-3-1-1)等于""是""(y)时必填;","肾穿刺活检禁忌证(DKD-3-1-2)不等于""其他""(oth)时无需填写;","不必须行肾脏组织活检病理检查的情况(DKD-3-1-3)不等于""其他""(oth)时无需填写;",若该字段无相应取值，则接口中不必提交该字段,,,
64,DKD-3-1-8,是否有肾穿刺术后并发症,字符串,参考备注,"例:""y""","是否有做肾脏组织活检(DKD-3-1-0)等于""是""(y)时必填;","是否有肾穿刺活检的禁忌证(DKD-3-1-1)等于""否""(n)时必填;","是否有肾穿刺活检的禁忌证(DKD-3-1-1)等于""是""(y)时必填;","肾穿刺活检禁忌证(DKD-3-1-2)不等于""其他""(oth)时无需填写;","不必须行肾脏组织活检病理检查的情况(DKD-3-1-3)不等于""其他""(oth)时无需填写;",若该字段无相应取值，则接口中不必提交该字段,见,DKD-3-1-8选择代码表,
65,DKD-3-1-9,肾穿刺术后并发症,数组,参考备注,"例:[""a"",""b""]","肾穿刺活检禁忌证(DKD-3-1-2)不等于""其他""(oth)时无需填写;","不必须行肾脏组织活检病理检查的情况(DKD-3-1-3)不等于""其他""(oth)时无需填写;","是否有肾穿刺术后并发症(DKD-3-1-8)等于""是""(y)时必填;",若该字段无相应取值，则接口中不必提交该字段,见,DKD-3-1-9选择代码表,,,
66,DKD-3-2-1,肾活检标本的取材,数组,参考备注,"例:[""a"",""b""]","是否有做肾脏组织活检(DKD-3-1-0)等于""是""(y)时必填;","是否有肾穿刺活检的禁忌证(DKD-3-1-1)等于""否""(n)时必填;","是否有肾穿刺活检的禁忌证(DKD-3-1-1)等于""是""(y)时必填;","肾穿刺活检禁忌证(DKD-3-1-2)不等于""其他""(oth)时无需填写;","不必须行肾脏组织活检病理检查的情况(DKD-3-1-3)不等于""其他""(oth)时无需填写;",若该字段无相应取值，则接口中不必提交该字段,见,DKD-3-2-1选择代码表,
67,DKD-3-2-2,光镜标本染色,数组,参考备注,"例:[""a"",""b""]","是否有做肾脏组织活检(DKD-3-1-0)等于""是""(y)时必填;","是否有肾穿刺活检的禁忌证(DKD-3-1-1)等于""否""(n)时必填;","是否有肾穿刺活检的禁忌证(DKD-3-1-1)等于""是""(y)时必填;","肾穿刺活检禁忌证(DKD-3-1-2)不等于""其他""(oth)时无需填写;","不必须行肾脏组织活检病理检查的情况(DKD-3-1-3)不等于""其他""(oth)时无需填写;",若该字段无相应取值，则接口中不必提交该字段,见,DKD-3-2-2选择代码表,
68,DKD-3-2-2-1,光镜标本其他染色,字符串,参考备注,"例:""填写文字说明""","肾穿刺活检禁忌证(DKD-3-1-2)不等于""其他""(oth)时无需填写;","不必须行肾脏组织活检病理检查的情况(DKD-3-1-3)不等于""其他""(oth)时无需填写;","光镜标本染色(DKD-3-2-2)等于""其他""(oth)时必填;",若该字段无相应取值，则接口中不必提交该字段,文本长度不能超过20个字说明,,,,
69,DKD-3-2-3,免疫病理染色,数组,参考备注,"例:[""a"",""b""]","是否有做肾脏组织活检(DKD-3-1-0)等于""是""(y)时必填;","是否有肾穿刺活检的禁忌证(DKD-3-1-1)等于""否""(n)时必填;","是否有肾穿刺活检的禁忌证(DKD-3-1-1)等于""是""(y)时必填;","肾穿刺活检禁忌证(DKD-3-1-2)不等于""其他""(oth)时无需填写;","不必须行肾脏组织活检病理检查的情况(DKD-3-1-3)不等于""其他""(oth)时无需填写;",若该字段无相应取值，则接口中不必提交该字段,见,DKD-3-2-3选择代码表,
70,DKD-3-2-3-1,免疫病理其他染色,字符串,参考备注,"例:""填写文字说明""","肾穿刺活检禁忌证(DKD-3-1-2)不等于""其他""(oth)时无需填写;","不必须行肾脏组织活检病理检查的情况(DKD-3-1-3)不等于""其他""(oth)时无需填写;","免疫病理染色(DKD-3-2-3)等于""其他""(oth)时必填;",若该字段无相应取值，则接口中不必提交该字段,文本长度不能超过20个字说明,,,,
71,DKD-3-2-4,肾活检组织形态学病变的描述,数组,参考备注,"例:[""a"",""b""]","是否有做肾脏组织活检(DKD-3-1-0)等于""是""(y)时必填;","是否有肾穿刺活检的禁忌证(DKD-3-1-1)等于""否""(n)时必填;","是否有肾穿刺活检的禁忌证(DKD-3-1-1)等于""是""(y)时必填;","肾穿刺活检禁忌证(DKD-3-1-2)不等于""其他""(oth)时无需填写;","不必须行肾脏组织活检病理检查的情况(DKD-3-1-3)不等于""其他""(oth)时无需填写;",若该字段无相应取值，则接口中不必提交该字段,见,DKD-3-2-4选择代码表,
72,DKD-3-2-4-1,大体描述 组织的条数,字符串,参考备注,"例:""填写文字说明""","肾穿刺活检禁忌证(DKD-3-1-2)不等于""其他""(oth)时无需填写;","不必须行肾脏组织活检病理检查的情况(DKD-3-1-3)不等于""其他""(oth)时无需填写;","肾活检组织形态学病变的描述(DKD-3-2-4)等于""大体描述 组织的条数""(a)时可填写;",若该字段无相应取值，则接口中不必提交该字段,文本长度不能超过100个字说明,,,,
73,DKD-3-2-4-2,光镜检查描述 肾小球病变描述,字符串,参考备注,"例:""填写文字说明""","肾穿刺活检禁忌证(DKD-3-1-2)不等于""其他""(oth)时无需填写;","不必须行肾脏组织活检病理检查的情况(DKD-3-1-3)不等于""其他""(oth)时无需填写;","肾活检组织形态学病变的描述(DKD-3-2-4)等于""光镜检查描述 肾小球病变描述""(b)时可填写;",若该字段无相应取值，则接口中不必提交该字段,文本长度不能超过100个字说明,,,,
74,DKD-3-2-4-3,光镜检查描述 肾小管病变描述,字符串,参考备注,"例:""填写文字说明""","肾穿刺活检禁忌证(DKD-3-1-2)不等于""其他""(oth)时无需填写;","不必须行肾脏组织活检病理检查的情况(DKD-3-1-3)不等于""其他""(oth)时无需填写;","肾活检组织形态学病变的描述(DKD-3-2-4)等于""光镜检查描述 肾小管病变描述""(c)时可填写;",若该字段无相应取值，则接口中不必提交该字段,文本长度不能超过100个字说明,,,,
75,DKD-3-2-4-4,光镜检查描述 间质病变描述,字符串,参考备注,"例:""填写文字说明""","肾穿刺活检禁忌证(DKD-3-1-2)不等于""其他""(oth)时无需填写;","不必须行肾脏组织活检病理检查的情况(DKD-3-1-3)不等于""其他""(oth)时无需填写;","肾活检组织形态学病变的描述(DKD-3-2-4)等于""光镜检查描述 间质病变描述""(d)时可填写;",若该字段无相应取值，则接口中不必提交该字段,文本长度不能超过100个字说明,,,,
76,DKD-3-2-4-5,光镜检查描述 血管病变描述,字符串,参考备注,"例:""填写文字说明""","肾穿刺活检禁忌证(DKD-3-1-2)不等于""其他""(oth)时无需填写;","不必须行肾脏组织活检病理检查的情况(DKD-3-1-3)不等于""其他""(oth)时无需填写;","肾活检组织形态学病变的描述(DKD-3-2-4)等于""光镜检查描述 血管病变描述""(e)时可填写;",若该字段无相应取值，则接口中不必提交该字段,文本长度不能超过100个字说明,,,,
77,DKD-3-2-4-6,免疫荧光描述 阳性强度、分布方式、沉积部位,字符串,参考备注,"例:""填写文字说明""","肾穿刺活检禁忌证(DKD-3-1-2)不等于""其他""(oth)时无需填写;","不必须行肾脏组织活检病理检查的情况(DKD-3-1-3)不等于""其他""(oth)时无需填写;","肾活检组织形态学病变的描述(DKD-3-2-4)等于""免疫荧光描述 阳性强度、分布方式、沉积部位""(f)时可填写;",若该字段无相应取值，则接口中不必提交该字段,文本长度不能超过100个字说明,,,,
78,DKD-3-2-4-7,电镜检查描述 肾小球基底膜厚度,字符串,参考备注,"例:""填写文字说明""","肾穿刺活检禁忌证(DKD-3-1-2)不等于""其他""(oth)时无需填写;","不必须行肾脏组织活检病理检查的情况(DKD-3-1-3)不等于""其他""(oth)时无需填写;","肾活检组织形态学病变的描述(DKD-3-2-4)等于""电镜检查描述 肾小球基底膜厚度""(g)时可填写;",若该字段无相应取值，则接口中不必提交该字段,文本长度不能超过100个字说明,,,,
79,DKD-3-2-5,是否肾脏病理诊断为糖尿病肾病,字符串,参考备注,"例:""y""","是否有做肾脏组织活检(DKD-3-1-0)等于""是""(y)时必填;","是否有肾穿刺活检的禁忌证(DKD-3-1-1)等于""否""(n)时必填;","是否有肾穿刺活检的禁忌证(DKD-3-1-1)等于""是""(y)时必填;","肾穿刺活检禁忌证(DKD-3-1-2)不等于""其他""(oth)时无需填写;","不必须行肾脏组织活检病理检查的情况(DKD-3-1-3)不等于""其他""(oth)时无需填写;",若该字段无相应取值，则接口中不必提交该字段,见,DKD-3-2-5选择代码表,
80,DKD-3-2-6,有肾单位各部分的损伤类型及损伤程度的描述,数组,参考备注,"例:[""a"",""b""]","肾穿刺活检禁忌证(DKD-3-1-2)不等于""其他""(oth)时无需填写;","不必须行肾脏组织活检病理检查的情况(DKD-3-1-3)不等于""其他""(oth)时无需填写;","是否肾脏病理诊断为糖尿病肾病(DKD-3-2-5)等于""是""(y)时必填;",若该字段无相应取值，则接口中不必提交该字段,见,DKD-3-2-6选择代码表,,,
81,DKD-3-2-6-1,有糖尿病肾病病理分型,字符串,参考备注,"例:""a""","肾穿刺活检禁忌证(DKD-3-1-2)不等于""其他""(oth)时无需填写;","不必须行肾脏组织活检病理检查的情况(DKD-3-1-3)不等于""其他""(oth)时无需填写;","有肾单位各部分的损伤类型及损伤程度的描述(DKD-3-2-6)等于""肾小球病变类型""(a)时必填;","有肾单位各部分的损伤类型及损伤程度的描述(DKD-3-2-6)等于""球性硬化和节段硬化比例""(b)时必填;","有肾单位各部分的损伤类型及损伤程度的描述(DKD-3-2-6)等于""新月体比例""(c)时必填;","有肾单位各部分的损伤类型及损伤程度的描述(DKD-3-2-6)等于""无法确定或无记录""(UTD)时无需填写;",若该字段无相应取值，则接口中不必提交该字段,见,DKD-3-2-6-1选择代码表
82,DKD-3-2-6-2,有糖尿病肾病间质评分,数组,参考备注,"例:[""a"",""b""]","肾穿刺活检禁忌证(DKD-3-1-2)不等于""其他""(oth)时无需填写;","不必须行肾脏组织活检病理检查的情况(DKD-3-1-3)不等于""其他""(oth)时无需填写;","有肾单位各部分的损伤类型及损伤程度的描述(DKD-3-2-6)等于""肾小管间质急性病变和慢性病变程度""(d)时必填;","有肾单位各部分的损伤类型及损伤程度的描述(DKD-3-2-6)等于""无法确定或无记录""(UTD)时无需填写;",若该字段无相应取值，则接口中不必提交该字段,见,DKD-3-2-6-2选择代码表,,
83,DKD-3-2-6-3,有糖尿病肾病血管病变,数组,参考备注,"例:[""a"",""b""]","肾穿刺活检禁忌证(DKD-3-1-2)不等于""其他""(oth)时无需填写;","不必须行肾脏组织活检病理检查的情况(DKD-3-1-3)不等于""其他""(oth)时无需填写;","有肾单位各部分的损伤类型及损伤程度的描述(DKD-3-2-6)等于""血管病变及程度""(e)时必填;","有肾单位各部分的损伤类型及损伤程度的描述(DKD-3-2-6)等于""无法确定或无记录""(UTD)时无需填写;",若该字段无相应取值，则接口中不必提交该字段,见,DKD-3-2-6-3选择代码表,,
84,DKD-3-2-7,光镜报告日期,字符串,参考备注,"例:""1970-01-01""","肾穿刺活检禁忌证(DKD-3-1-2)不等于""其他""(oth)时无需填写;","不必须行肾脏组织活检病理检查的情况(DKD-3-1-3)不等于""其他""(oth)时无需填写;","是否肾脏病理诊断为糖尿病肾病(DKD-3-2-5)等于""是""(y)时必填;",若该字段无相应取值，则接口中不必提交该字段,,,,,
85,DKD-3-2-8,免疫荧光报告日期,字符串,参考备注,"例:""1970-01-01""","肾穿刺活检禁忌证(DKD-3-1-2)不等于""其他""(oth)时无需填写;","不必须行肾脏组织活检病理检查的情况(DKD-3-1-3)不等于""其他""(oth)时无需填写;","是否肾脏病理诊断为糖尿病肾病(DKD-3-2-5)等于""是""(y)时必填;",若该字段无相应取值，则接口中不必提交该字段,,,,,
86,DKD-3-2-9,电镜报告日期,字符串,参考备注,"例:""1970-01-01""","肾穿刺活检禁忌证(DKD-3-1-2)不等于""其他""(oth)时无需填写;","不必须行肾脏组织活检病理检查的情况(DKD-3-1-3)不等于""其他""(oth)时无需填写;","肾活检组织形态学病变的描述(DKD-3-2-4)等于""电镜检查描述 肾小球基底膜厚度""(g)时可填写;",若该字段无相应取值，则接口中不必提交该字段,,,,,
87,DKD-3-2-5-1,非糖尿病肾病病理诊断名称,字符串,参考备注,"例:""填写文字说明""","肾穿刺活检禁忌证(DKD-3-1-2)不等于""其他""(oth)时无需填写;","不必须行肾脏组织活检病理检查的情况(DKD-3-1-3)不等于""其他""(oth)时无需填写;","是否肾脏病理诊断为糖尿病肾病(DKD-3-2-5)等于""是""(y)时无需填写;",若该字段无相应取值，则接口中不必提交该字段,文本长度不能超过30个字说明,,,,
88,DKD-4-1-1,入院后首次，血糖评估,数组,是,"例:[""a"",""b""]",见,DKD-4-1-1选择代码表,,,,,,,
89,DKD-4-1-1-1,入院后首次，糖化血红蛋白检测值(%),数值,参考备注,例:10,"入院后首次，血糖评估(DKD-4-1-1)等于""糖化血红蛋白检测""(a)时必填;","入院后首次，血糖评估(DKD-4-1-1)等于""无法确定或无记录""(UTD)时无需填写;",若该字段无相应取值，则接口中不必提交该字段,糖化血红蛋白检测值填写值范围(0~50);,糖化血红蛋白检测值填写值范围(0~50),,,,
90,DKD-4-1-1-2,入院后首次，空腹血糖检测值(mmol/L),数值,参考备注,例:10,"入院后首次，血糖评估(DKD-4-1-1)等于""空腹血糖检测""(b)时必填;","入院后首次，血糖评估(DKD-4-1-1)等于""无法确定或无记录""(UTD)时无需填写;",若该字段无相应取值，则接口中不必提交该字段,空腹血糖检测值填写值范围(0~50);,空腹血糖检测值填写值范围(0~50),,,,
91,DKD-4-1-1-3,入院后首次，餐后2小时血糖检测值(mmol/L),数值,参考备注,例:10,"入院后首次，血糖评估(DKD-4-1-1)等于""餐后2小时血糖检测""(c)时必填;","入院后首次，血糖评估(DKD-4-1-1)等于""无法确定或无记录""(UTD)时无需填写;",若该字段无相应取值，则接口中不必提交该字段,餐后2小时血糖检测值填写值范围(0~50);,餐后2小时血糖检测值填写值范围(0~50),,,,
92,DKD-4-1-2,三项中最后一项检测报告的日期,字符串,参考备注,"例:""1970-01-01""","入院后首次，血糖评估(DKD-4-1-1)等于""无法确定或无记录""(UTD)时无需填写;",若该字段无相应取值，则接口中不必提交该字段,,,,,,,
93,DKD-4-1-3,降糖药物种类,数组,是,"例:[""a"",""b""]",见,DKD-4-1-3选择代码表,,,,,,,
94,DKD-4-1-3-1,降糖药物其他种类,字符串,参考备注,"例:""填写文字说明""","降糖药物种类(DKD-4-1-3)等于""其他""(oth)时必填;",若该字段无相应取值，则接口中不必提交该字段,文本长度不能超过20个字说明,,,,,,
95,DKD-4-1-4,出院前未次，血糖评估,数组,是,"例:[""a"",""b""]",见,DKD-4-1-4选择代码表,,,,,,,
96,DKD-4-1-4-1,出院前未次，空腹血糖检测值(mmol/L),数值,参考备注,例:10,"出院前未次，血糖评估(DKD-4-1-4)等于""空腹血糖检测""(a)时必填;","出院前未次，血糖评估(DKD-4-1-4)等于""无法确定或无记录""(UTD)时无需填写;",若该字段无相应取值，则接口中不必提交该字段,空腹血糖检测值填写值范围(0~50);,空腹血糖检测值填写值范围(0~50),,,,
97,DKD-4-1-4-2,出院前未次，餐后2小时血糖检测值(mmol/L),数值,参考备注,例:10,"出院前未次，血糖评估(DKD-4-1-4)等于""餐后2小时血糖检测""(b)时必填;","出院前未次，血糖评估(DKD-4-1-4)等于""无法确定或无记录""(UTD)时无需填写;",若该字段无相应取值，则接口中不必提交该字段,餐后2小时血糖检测值填写值范围(0~50);,餐后2小时血糖检测值填写值范围(0~50),,,,
98,DKD-4-1-5,三项中最后一项检测报告的日期,字符串,参考备注,"例:""1970-01-01""","出院前未次，血糖评估(DKD-4-1-4)等于""无法确定或无记录""(UTD)时无需填写;",若该字段无相应取值，则接口中不必提交该字段,,,,,,,
99,DKD-4-2-1,"入院后首次,血压评估",数组,是,"例:[""a"",""b""]",见,DKD-4-2-1选择代码表,,,,,,,
100,DKD-4-2-1-1,收缩压测量值(mmHg),数值,参考备注,例:10,"入院后首次,血压评估(DKD-4-2-1)等于""血压测量 收缩压 (SBP) ""(a)时必填;",若该字段无相应取值，则接口中不必提交该字段,收缩压测量值填写值范围(0~300);,收缩压测量值填写值范围(0~300),,,,,
101,DKD-4-2-1-2,舒张压测量值(mmHg),数值,参考备注,例:10,"入院后首次,血压评估(DKD-4-2-1)等于""血压测量 舒张压 (DBP)""(b)时必填;",若该字段无相应取值，则接口中不必提交该字段,舒张压测量值填写值范围(0~200);,舒张压测量值填写值范围(0~200),,,,,
102,DKD-4-2-2,降压药物种类,数组,是,"例:[""a"",""b""]",见,DKD-4-2-2选择代码表,,,,,,,
103,DKD-4-2-2-1,降压药物其他种类,字符串,参考备注,"例:""填写文字说明""","降压药物种类(DKD-4-2-2)等于""其他""(oth)时必填;",若该字段无相应取值，则接口中不必提交该字段,文本长度不能超过20个字说明,,,,,,
104,DKD-4-2-3,出院前未次，血压评估,数组,是,"例:[""a"",""b""]",见,DKD-4-2-3选择代码表,,,,,,,
105,DKD-4-2-3-1,收缩压测量值(mmHg),数值,参考备注,例:10,"出院前未次，血压评估(DKD-4-2-3)等于""血压测量 收缩压 (SBP) ""(a)时必填;",若该字段无相应取值，则接口中不必提交该字段,收缩压测量值填写值范围(0~300);,收缩压测量值填写值范围(0~300),,,,,
106,DKD-4-2-3-2,舒张压测量值(mmHg),数值,参考备注,例:10,"出院前未次，血压评估(DKD-4-2-3)等于""血压测量 舒张压 (DBP)""(b)时必填;",若该字段无相应取值，则接口中不必提交该字段,舒张压测量值填写值范围(0~200);,舒张压测量值填写值范围(0~200),,,,,
107,DKD-4-3-1,"入院后首次,血脂评估",数组,是,"例:[""a"",""b""]",见,DKD-4-3-1选择代码表,,,,,,,
108,DKD-4-3-1-1,总胆固醇(TC)检测值(mmol/L),数值,参考备注,例:10,"入院后首次,血脂评估(DKD-4-3-1)等于""血脂检测要素 总胆固醇(TC)检测""(a)时必填;","入院后首次,血脂评估(DKD-4-3-1)等于""无法确定或无记录""(UTD)时无需填写;",若该字段无相应取值，则接口中不必提交该字段,总胆固醇检测值填写值范围(1~10);,总胆固醇检测值填写值范围(1~10),,,,
109,DKD-4-3-1-2,甘油三酯(TG)检测值(mmol/L),数值,参考备注,例:10,"入院后首次,血脂评估(DKD-4-3-1)等于""血脂检测要素 甘油三酯(TG)检测""(b)时必填;","入院后首次,血脂评估(DKD-4-3-1)等于""无法确定或无记录""(UTD)时无需填写;",若该字段无相应取值，则接口中不必提交该字段,甘油三酯检测值填写值范围(0.1~5);,甘油三酯检测值填写值范围(0.1~5),,,,
110,DKD-4-3-1-3,低密度脂蛋白(LDL-C)检测值(mmol/L),数值,参考备注,例:10,"入院后首次,血脂评估(DKD-4-3-1)等于""血脂检测要素 低密度脂蛋白(LDL-C)检测""(c)时必填;","入院后首次,血脂评估(DKD-4-3-1)等于""无法确定或无记录""(UTD)时无需填写;",若该字段无相应取值，则接口中不必提交该字段,低密度脂蛋白检测值填写值范围(1~10);,低密度脂蛋白检测值填写值范围(1~10),,,,
111,DKD-4-3-1-4,高密度脂蛋白(HDL-C)检测值(mmol/L),数值,参考备注,例:10,"入院后首次,血脂评估(DKD-4-3-1)等于""血脂检测要素 高密度脂蛋白(HDL-C)检测""(d)时必填;","入院后首次,血脂评估(DKD-4-3-1)等于""无法确定或无记录""(UTD)时无需填写;",若该字段无相应取值，则接口中不必提交该字段,高密度脂蛋白检测值填写值范围(0.1~5);,高密度脂蛋白检测值填写值范围(0.1~5),,,,
112,DKD-4-3-2,降脂药物种类,数组,是,"例:[""a"",""b""]",见,DKD-4-3-2选择代码表,,,,,,,
113,DKD-4-3-2-1,降压药物其他种类,字符串,参考备注,"例:""填写文字说明""","降脂药物种类(DKD-4-3-2)等于""其他""(oth)时必填;",若该字段无相应取值，则接口中不必提交该字段,文本长度不能超过20个字说明,,,,,,
114,DKD-4-3-3,"出院前未次,血脂评估",数组,是,"例:[""a"",""b""]",见,DKD-4-3-3选择代码表,,,,,,,
115,DKD-4-3-3-1,总胆固醇(TC)检测值(mmol/L),数值,参考备注,例:10,"出院前未次,血脂评估(DKD-4-3-3)等于""血脂检测 总胆固醇(TC)检测""(a)时必填;","出院前未次,血脂评估(DKD-4-3-3)等于""无法确定或无记录""(UTD)时无需填写;",若该字段无相应取值，则接口中不必提交该字段,总胆固醇检测值填写值范围(1~10);,总胆固醇检测值填写值范围(1~10),,,,
116,DKD-4-3-3-2,甘油三酯(TG)检测值(mmol/L),数值,参考备注,例:10,"出院前未次,血脂评估(DKD-4-3-3)等于""血脂检测 甘油三酯(TG)检测""(b)时必填;","出院前未次,血脂评估(DKD-4-3-3)等于""无法确定或无记录""(UTD)时无需填写;",若该字段无相应取值，则接口中不必提交该字段,甘油三酯检测值填写值范围(0.1~5);,甘油三酯检测值填写值范围(0.1~5),,,,
117,DKD-5-1-1,是否提供生活方式指导,字符串,是,"例:""y""",见,DKD-5-1-1选择代码表,,,,,,,
118,DKD-5-1-2,是否控制血糖,字符串,是,"例:""y""",见,DKD-5-1-2选择代码表,,,,,,,
119,DKD-5-1-3,是否控制血压,字符串,是,"例:""y""",见,DKD-5-1-3选择代码表,,,,,,,
120,DKD-5-1-4,是否纠正脂质代谢紊乱,字符串,是,"例:""y""",见,DKD-5-1-4选择代码表,,,,,,,
121,DKD-5-1-5,肾穿刺活检,数组,是,"例:[""a"",""b""]",见,DKD-5-1-5选择代码表,,,,,,,
122,DKD-5-2-1,主要危险因素的评估,数组,是,"例:[""a"",""b""]",见,DKD-5-2-1选择代码表,,,,,,,
123,DKD-5-2-2,实施针对控制危险因素评估结果的教育,字符串,是,"例:""UTD""",见,DKD-5-2-2选择代码表,,,,,,,
124,DKD-5-3-1,二级预防要素,数组,是,"例:[""a"",""b""]",见,DKD-5-3-1选择代码表,,,,,,,
125,CM-7-2-1,交与患者“出院小结”的副本告知患者出院时风险因素,数组,是,"例:[""a"",""b""]",见,CM-7-2-1选择代码表,,,,,,,
126,CM-7-2-2,出院带药,数组,是,"例:[""a"",""b""]",见,CM-7-2-2选择代码表,,,,,,,
127,CM-7-2-3,告知何为发生紧急意外情况或者疾病复发,数组,是,"例:[""a"",""b""]",见,CM-7-2-3选择代码表,,,,,,,
128,DKD-5-4-5-1,其他发生紧急意外情况或者疾病复发,字符串,参考备注,"例:""填写文字说明""","告知何为发生紧急意外情况或者疾病复发(CM-7-2-3)等于""其他风险""(oth)时必填;",若该字段无相应取值，则接口中不必提交该字段,文本长度不能超过50个字说明,,,,,,
129,CM-7-2-4,告知发生紧急意外情况或者疾病复发如何救治及前途经,数组,是,"例:[""a"",""b""]",见,CM-7-2-4选择代码表,,,,,,,
130,CM-7-2-5,出院时教育与随访,数组,是,"例:[""a"",""b""]",见,CM-7-2-5选择代码表,,,,,,,
131,CM-4-3,离院方式选择,字符串,是,"例:""a""",见,CM-4-3选择代码表,,,,,,,
132,CM-4-5,非医嘱离院可能涉及因素,数组,参考备注,"例:[""a"",""b""]","离院方式选择(CM-4-3)等于""非医嘱离院""(d)时可填写;",若该字段无相应取值，则接口中不必提交该字段,见,CM-4-5选择代码表,,,,,
133,CM-4-4-1,其他非医嘱离院因素填写,字符串,参考备注,"例:""填写文字说明""","非医嘱离院可能涉及因素(CM-4-5)等于""其他""(oth)时必填;",若该字段无相应取值，则接口中不必提交该字段,,,,,,,
134,CM-4-6,死亡可能涉及因素,字符串,参考备注,"例:""a""","离院方式选择(CM-4-3)等于""死亡""(e)时可填写;",若该字段无相应取值，则接口中不必提交该字段,见,CM-4-6选择代码表,,,,,
135,CM-5-1,患者是否对服务的体验与评价,字符串,是,"例:""y""",见,CM-5-1选择代码表,,,,,,,
136,CM-5-2-1,整体医院评级,字符串,参考备注,"例:""a""","患者是否对服务的体验与评价(CM-5-1)等于""是""(y)时必填;",若该字段无相应取值，则接口中不必提交该字段,见,CM-5-2-1选择代码表,,,,,
137,CM-5-2-2,患者推荐,字符串,参考备注,"例:""a""","患者是否对服务的体验与评价(CM-5-1)等于""是""(y)时必填;",若该字段无相应取值，则接口中不必提交该字段,见,CM-5-2-2选择代码表,,,,,
138,CM-5-2-3,病房、床单元和卫生间清洁度,字符串,参考备注,"例:""a""","患者是否对服务的体验与评价(CM-5-1)等于""是""(y)时必填;",若该字段无相应取值，则接口中不必提交该字段,见,CM-5-2-3选择代码表,,,,,
139,CM-5-2-5,病房与周边噪音,字符串,参考备注,"例:""a""","患者是否对服务的体验与评价(CM-5-1)等于""是""(y)时必填;",若该字段无相应取值，则接口中不必提交该字段,见,CM-5-2-5选择代码表,,,,,
140,CM-5-2-6,医生沟通,字符串,参考备注,"例:""a""","患者是否对服务的体验与评价(CM-5-1)等于""是""(y)时必填;",若该字段无相应取值，则接口中不必提交该字段,见,CM-5-2-6选择代码表,,,,,
141,CM-5-2-7,护士沟通,字符串,参考备注,"例:""a""","患者是否对服务的体验与评价(CM-5-1)等于""是""(y)时必填;",若该字段无相应取值，则接口中不必提交该字段,见,CM-5-2-7选择代码表,,,,,
142,CM-5-2-8,药师沟通,字符串,参考备注,"例:""a""","患者是否对服务的体验与评价(CM-5-1)等于""是""(y)时必填;",若该字段无相应取值，则接口中不必提交该字段,见,CM-5-2-8选择代码表,,,,,
143,CM-5-2-9,康复计划,字符串,参考备注,"例:""a""","患者是否对服务的体验与评价(CM-5-1)等于""是""(y)时必填;",若该字段无相应取值，则接口中不必提交该字段,见,CM-5-2-9选择代码表,,,,,
144,CM-5-2-10,出院时的知情告知,字符串,参考备注,"例:""a""","患者是否对服务的体验与评价(CM-5-1)等于""是""(y)时必填;",若该字段无相应取值，则接口中不必提交该字段,见,CM-5-2-10选择代码表,,,,,
145,CM-5-2-11,膳食评价,字符串,参考备注,"例:""a""","患者是否对服务的体验与评价(CM-5-1)等于""是""(y)时必填;",若该字段无相应取值，则接口中不必提交该字段,见,CM-5-2-11选择代码表,,,,,
146,CM-6-1,住院总费用,数值,是,例:10,住院总费用要大于0;,住院总费用要小于1000000;,住院总费用应大于等于各项费用之和,,,,,,
147,CM-6-2,住院总费用其中自付金额,数值,是,例:10,自付金额要,自付金额应≤住院总费用,,,,,,,
148,CM-6-3,一般医疗服务费,数值,是,例:10,一般医疗服务费要,,,,,,,,
149,CM-6-4,一般治疗操作费,数值,是,例:10,一般治疗操作费要,,,,,,,,
150,CM-6-5,护理费,数值,是,例:10,护理费要,,,,,,,,
151,CM-6-6,综合医疗服务类其他费用,数值,是,例:10,综合医疗服务类其他费用要≥0,,,,,,,,
152,CM-6-7,病理诊断费,数值,是,例:10,病理诊断费要≥0,,,,,,,,
153,CM-6-8,实验室诊断费,数值,是,例:10,实验室诊断费要≥0,,,,,,,,
154,CM-6-9,影像学诊断费,数值,是,例:10,影像学诊断费要≥0,,,,,,,,
155,CM-6-10,临床诊断项目费,数值,是,例:10,临床诊断项目费要≥0,,,,,,,,
156,CM-6-11,非手术治疗项目费,数值,是,例:10,非手术治疗项目费要≥0,,,,,,,,
157,CM-6-12,其中：临床物理治疗费,数值,是,例:10,临床物理治疗费要≥0,,,,,,,,
158,CM-6-13,手术治疗费,数值,是,例:10,手术治疗费要≥0,,,,,,,,
159,CM-6-14,其中：麻醉费,数值,是,例:10,麻醉费要≥0,,,,,,,,
160,CM-6-15,其中：手术费,数值,是,例:10,手术费要≥0,,,,,,,,
161,CM-6-16,康复费,数值,是,例:10,康复费要≥0,,,,,,,,
162,CM-6-17,中医治疗费,数值,是,例:10,中医治疗费要≥0,,,,,,,,
163,CM-6-18,西药费,数值,是,例:10,西药费要≥0,,,,,,,,
164,CM-6-19,其中：抗菌药物费,数值,是,例:10,抗菌药物费要≥0,,,,,,,,
165,CM-6-20,中成药费,数值,是,例:10,中成药费要≥0,,,,,,,,
166,CM-6-21,中草药费,数值,是,例:10,中草药费要≥0,,,,,,,,
167,CM-6-22,血费,数值,是,例:10,血费要≥0,,,,,,,,
168,CM-6-23,白蛋白类制品费,数值,是,例:10,白蛋白类制品费要≥0,,,,,,,,
169,CM-6-24,球蛋白类制品费,数值,是,例:10,球蛋白类制品费要≥0,,,,,,,,
170,CM-6-25,凝血因子类制品费,数值,是,例:10,凝血因子类制品费要≥0,,,,,,,,
171,CM-6-26,细胞因子类制品费,数值,是,例:10,细胞因子类制品费要≥0,,,,,,,,
172,CM-6-27,检查用一次性医用材料费,数值,是,例:10,检查用一次性医用材料费要≥0,,,,,,,,
173,CM-6-28,治疗用一次性医用材料费,数值,是,例:10,治疗用一次性医用材料费要≥0,,,,,,,,
174,CM-6-29,手术用一次性医用材料费,数值,是,例:10,手术用一次性医用材料费要≥0,,,,,,,,
,CM-6-30,其他费,数值,是,例:10,其他费要≥0,,,,,,,,