序号,字段名称,数据采集项,数据类型,上传时不能为空,举例,备注,序号,序号,,,
0,,,,,,,,,,,
1,CM-0-1-1-1,质控医师,字符串,是,"例:""填写文字说明""",不能超过50个文字说明;,只允许填写中文汉字、字母、数字,,,,
2,CM-0-1-1-2,质控护士,字符串,是,"例:""填写文字说明""",不能超过50个文字说明;,只允许填写中文汉字、字母、数字,,,,
3,CM-0-1-1-3,主治医师,字符串,是,"例:""填写文字说明""",不能超过50个文字说明;,只允许填写中文汉字、字母、数字,,,,
4,CM-0-1-1-4,责任护士,字符串,是,"例:""填写文字说明""",不能超过50个文字说明;,只允许填写中文汉字、字母、数字,,,,
5,CM-0-1-1-5,上报科室,字符串,是,"例:""填写文字说明""",不能超过50个文字说明;,只允许填写中文汉字、字母、数字,,,,
6,caseId,患者病案号,字符串,是,"例:""填写文字说明""",,,,,,
7,IDCard,患者身份证号,字符串,是,"例:""填写文字说明""",身份证号不正确,,,,,
8,CM-0-1-3-2,主要诊断ICD-10六位临床扩展编码与名称,字符串,是,"例:""UTD""",见,CM-0-1-3-2选择代码表,,,,
9,CM-0-1-4-1,主要手术操作栏中提取ICD-9-CM-3四位亚目编码与名称,字符串,否,"例:""a""",若该字段无相应取值，则接口中不必提交该字段,见,CM-0-1-4-1选择代码表,,,
10,PD-0-1-4-1,其他主要手术操作ICD-9-CM-3四位亚目编码与名称,字符串,参考备注,"例:""填写文字说明""","主要手术操作栏中提取ICD-9-CM-3四位亚目编码与名称(CM-0-1-4-1)等于""其他""(oth)时必填;",若该字段无相应取值，则接口中不必提交该字段,文本长度不能超过30个字说明,,,
11,CM-0-1-4-2,主要手术操作栏中提取ICD-9-CM-3六位临床扩展编码与名称,字符串,否,"例:""UTD""",若该字段无相应取值，则接口中不必提交该字段,见,CM-0-1-4-2选择代码表,,,
12,PD-0-1-4-2,其他主要手术操作ICD-9-CM-3六位临床扩展编码与名称,字符串,参考备注,"例:""填写文字说明""","主要手术操作栏中提取ICD-9-CM-3六位临床扩展编码与名称(CM-0-1-4-2)等于""其他""(oth)时必填;",若该字段无相应取值，则接口中不必提交该字段,文本长度不能超过30个字说明,,,
13,CM-0-1-5,是否出院后31天内重复住院,字符串,是,"例:""y""",见,CM-0-1-5选择代码表,,,,
14,CM-0-2-1-1,出生日期,字符串,是,"例:""1970-01-01""",,,,,,
15,CM-0-2-1-2,患者性别,字符串,是,"例:""M""",见,CM-0-2-1-2选择代码表,,,,
16,CM-0-2-1-3,患者体重（kg）,数值,是,例:10,患者体重应大于等于0,,,,,
17,CM-0-2-1-5,患者身高（cm）,数值,是,例:10,患者身高应大于等于0,,,,,
18,CM-0-2-2-1,发病日期时间是否无法确定或无记录,数组,否,"例:[""UTD""]",若该字段无相应取值，则接口中不必提交该字段,见,CM-0-2-2-1选择代码表,,,
19,CM-0-2-2-2,发病日期时间,字符串,参考备注,"例:""1970-01-01 12:00""","发病日期时间是否无法确定或无记录(CM-0-2-2-1)等于""无法确定或无记录""(UTD)时无需填写;",若该字段无相应取值，则接口中不必提交该字段,,,,
20,CM-0-2-4-1,入院日期时间,字符串,是,"例:""1970-01-01 12:00""",,,,,,
21,CM-0-2-4-2,出院日期时间,字符串,是,"例:""1970-01-01 12:00""",出院日期时间应大于入院日期时间;,住院时间应大于24小时;,住院时间应小于90天,,,
22,CM-0-2-6-1,手术开始（切皮）日期时间,字符串,否,"例:""1970-01-01 12:00""",若该字段无相应取值，则接口中不必提交该字段,手术开始日期时间应大于入院日期时间,,,,
23,CM-0-2-6-2,手术结束（缝皮结束）日期时间,字符串,否,"例:""1970-01-01 12:00""",若该字段无相应取值，则接口中不必提交该字段,手术结束日期时间应大于手术开始日期时间;,手术结束日期时间应小于出院日期时间,,,
24,CM-0-3-1,费用支付方式,字符串,是,"例:""a""",见,CM-0-3-1选择代码表,,,,
25,CM-0-3-2,收入住院途径,字符串,是,"例:""a""",见,CM-0-3-2选择代码表,,,,
26,CM-0-3-3,到院交通工具,字符串,是,"例:""a""",见,CM-0-3-3选择代码表,,,,
27,PD-1-1-1,绝对排除标准,数组,是,"例:[""a"",""b""]",见,PD-1-1-1选择代码表,,,,
28,PD-1-2-1,是否在发病 5 年内出现快速进展的步态障碍，且需要规律使用轮椅,字符串,是,"例:""y""",见,PD-1-2-1选择代码表,,,,
29,PD-1-2-2,是否发病 5 年或 5 年以上，运动症状或体征完全没有进展；除非这种稳定是与治疗相关的,字符串,是,"例:""y""",见,PD-1-2-2选择代码表,,,,
30,PD-1-2-3,是否早期出现的球部功能障碍：发病 5 年内出现的严重的发音困难或构音障碍（大部分时候言语难以理解）或严重的吞咽困难（需要进食较软的食物，或鼻胃管、胃造瘘进食）,字符串,是,"例:""y""",见,PD-1-2-3选择代码表,,,,
31,PD-1-2-4,是否有吸气性呼吸功能障碍：出现白天或夜间吸气性喘鸣或者频繁的吸气性叹息,字符串,是,"例:""y""",见,PD-1-2-4选择代码表,,,,
32,PD-1-2-5,是否在发病 5 年内出现严重的自主神经功能障碍,字符串,是,"例:""y""",见,PD-1-2-5选择代码表,,,,
33,PD-1-2-5-1,出现严重的自主神经功能障碍具体表现为,字符串,参考备注,"例:""a""","是否在发病 5 年内出现严重的自主神经功能障碍(PD-1-2-5)等于""是""(y)时必填;",若该字段无相应取值，则接口中不必提交该字段,见,PD-1-2-5-1选择代码表,,
34,PD-1-2-6,是否在发病 3 年内由于平衡损害导致的反复（&gt;1 次 / 年）摔倒,字符串,是,"例:""y""",见,PD-1-2-6选择代码表,,,,
35,PD-1-2-7,是否在发病 10 年内出现不成比例地颈部前倾（肌张力障碍）或手足挛缩,字符串,是,"例:""y""",见,PD-1-2-7选择代码表,,,,
36,PD-1-2-8,是否是病程到了 5 年也不出现任何一种常见的非运动症状，包括睡眠障碍（保持睡眠障碍性失眠、日间过度嗜睡、快速眼动期睡眠行为障碍），自主神经功能障碍（便秘、日间尿急、症状性体位性低血压）、嗅觉减退、精神障碍（抑郁、焦虑、或幻觉）,字符串,是,"例:""y""",见,PD-1-2-8选择代码表,,,,
37,PD-1-2-9,是否有其他原因不能解释的锥体束征，定义为锥体束性肢体无力或明确的病理性反射活跃（包括轻度的反射不对称以及孤立性的跖趾反应）,字符串,是,"例:""y""",见,PD-1-2-9选择代码表,,,,
38,PD-1-2-10,是否是双侧对称性的帕金森综合征。患者或看护者报告为双侧起病，没有任何侧别优势，且客观体格检查也没有观察到明显的侧别性,字符串,是,"例:""y""",见,PD-1-2-10选择代码表,,,,
39,PD-1-3-1,是否对多巴胺药物治疗具有明确且显著的有效应答,字符串,是,"例:""y""",见,PD-1-3-1选择代码表,,,,
40,PD-1-3-1-1,初始治疗显著应答表现为,字符串,参考备注,"例:""a""","是否对多巴胺药物治疗具有明确且显著的有效应答(PD-1-3-1)等于""是""(y)时必填;",若该字段无相应取值，则接口中不必提交该字段,见,PD-1-3-1-1选择代码表,,
41,PD-1-3-2,是否出现左旋多巴诱导的异动症,字符串,是,"例:""y""",见,PD-1-3-2选择代码表,,,,
42,PD-1-3-3,临床体格检查记录的单个肢体静止性震颤（既往或本次检查）,字符串,是,"例:""y""",见,PD-1-3-3选择代码表,,,,
43,PD-1-3-4,存在嗅觉丧失或心脏 MIBG 闪烁显像法显示存在心脏去交感神经支配,字符串,是,"例:""y""",见,PD-1-3-4选择代码表,,,,
44,PD-1-4-1,帕金森病标准选择,字符串,是,"例:""a""",见,PD-1-4-1选择代码表,,,,
45,PD-1-4-2,患者确诊帕金森病（PD）的主要依据,数组,参考备注,"例:[""a"",""b""]","帕金森病标准选择(PD-1-4-1)等于""患者确诊帕金森病的主要依据""(a)时必填;",若该字段无相应取值，则接口中不必提交该字段,见,PD-1-4-2选择代码表,,
46,PD-1-4-3,患者诊断为可能帕金森病（PD）的主要依据,数组,参考备注,"例:[""a"",""b""]","帕金森病标准选择(PD-1-4-1)等于""患者诊断为可能帕金森病的主要依据""(b)时必填;",若该字段无相应取值，则接口中不必提交该字段,见,PD-1-4-3选择代码表,,
47,PD-2-1-1,是否实施头部MRI检查,字符串,是,"例:""y""",见,PD-2-1-1选择代码表,,,,
48,PD-2-1-2,完成MRI序列,数组,参考备注,"例:[""a"",""b""]","是否实施头部MRI检查(PD-2-1-1)等于""是""(y)时必填;",若该字段无相应取值，则接口中不必提交该字段,见,PD-2-1-2选择代码表,,
49,PD-2-1-3,是否实施头部CT检查,字符串,参考备注,"例:""y""","是否实施头部MRI检查(PD-2-1-1)等于""是""(y)时必填;",若该字段无相应取值，则接口中不必提交该字段,见,PD-2-1-3选择代码表,,
50,PD-2-1-4,报告日期时间,字符串,参考备注,"例:""1970-01-01""","是否实施头部CT检查(PD-2-1-3)等于""是""(y)时必填;",若该字段无相应取值，则接口中不必提交该字段,报告日期时间应小于出院日期时间,,,
51,PD-2-2-1,是否实施黑质超声检查,字符串,参考备注,"例:""y""","是否实施头部CT检查(PD-2-1-3)等于""是""(y)时必填;",若该字段无相应取值，则接口中不必提交该字段,见,PD-2-2-1选择代码表,,
52,PD-2-2-2,报告日期时间,字符串,参考备注,"例:""1970-01-01""","是否实施黑质超声检查(PD-2-2-1)等于""是""(y)时必填;",若该字段无相应取值，则接口中不必提交该字段,报告日期时间应小于出院日期时间,,,
53,PD-2-3-1,是否实施震颤分析检查,字符串,参考备注,"例:""y""","是否实施头部CT检查(PD-2-1-3)等于""是""(y)时必填;",若该字段无相应取值，则接口中不必提交该字段,见,PD-2-3-1选择代码表,,
54,PD-2-3-2,报告日期时间,字符串,参考备注,"例:""1970-01-01""","是否实施震颤分析检查(PD-2-3-1)等于""是""(y)时必填;",若该字段无相应取值，则接口中不必提交该字段,,,,
55,PD-2-4-1,是否实施肛门括约肌肌电图检查,字符串,参考备注,"例:""y""","是否实施头部CT检查(PD-2-1-3)等于""是""(y)时必填;",若该字段无相应取值，则接口中不必提交该字段,见,PD-2-4-1选择代码表,,
56,PD-2-4-2,报告日期时间,字符串,参考备注,"例:""1970-01-01""","是否实施肛门括约肌肌电图检查(PD-2-4-1)等于""是""(y)时必填;",若该字段无相应取值，则接口中不必提交该字段,报告日期时间应小于出院日期时间,,,
57,PD-2-5-1,是否实施头PET检查,字符串,参考备注,"例:""y""","是否实施头部CT检查(PD-2-1-3)等于""是""(y)时必填;",若该字段无相应取值，则接口中不必提交该字段,见,PD-2-5-1选择代码表,,
58,PD-2-5-2,完成头PET项目,数组,参考备注,"例:[""a"",""b""]","是否实施头PET检查(PD-2-5-1)等于""是""(y)时必填;",若该字段无相应取值，则接口中不必提交该字段,见,PD-2-5-2选择代码表,,
59,PD-2-5-2-1,其他头PET项目,字符串,参考备注,"例:""填写文字说明""","完成头PET项目(PD-2-5-2)等于""其他""(oth)时必填;",若该字段无相应取值，则接口中不必提交该字段,,,,
60,PD-2-5-3,报告日期时间,字符串,参考备注,"例:""1970-01-01""","是否实施头PET检查(PD-2-5-1)等于""是""(y)时必填;",若该字段无相应取值，则接口中不必提交该字段,报告日期时间应小于出院日期时间,,,
61,PD-3-1-1,是否进行多巴胺能反应性评测,字符串,是,"例:""y""",见,PD-3-1-1选择代码表,,,,
62,PD-3-1-2,评测适应证的选择,字符串,参考备注,"例:""a""","是否进行多巴胺能反应性评测(PD-3-1-1)等于""是""(y)时必填;",若该字段无相应取值，则接口中不必提交该字段,见,PD-3-1-2选择代码表,,
63,PD-3-2-1,是否有被选择评测药物的禁忌证,字符串,参考备注,"例:""y""","是否进行多巴胺能反应性评测(PD-3-1-1)等于""是""(y)时必填;",若该字段无相应取值，则接口中不必提交该字段,见,PD-3-2-1选择代码表,,
64,PD-3-2-2,评测药物的禁忌证,字符串,参考备注,"例:""a""","是否有被选择评测药物的禁忌证(PD-3-2-1)等于""是""(y)时必填;",若该字段无相应取值，则接口中不必提交该字段,见,PD-3-2-2选择代码表,,
65,PD-3-2-2-1,多巴丝肼片（美多芭）禁忌证的选择,数组,参考备注,"例:[""a"",""b""]","评测药物的禁忌证(PD-3-2-2)等于""多巴丝肼片（美多芭）禁忌症""(a)时必填;",若该字段无相应取值，则接口中不必提交该字段,见,PD-3-2-2-1选择代码表,,
66,PD-3-2-2-2,其他多巴丝肼片（美多芭）禁忌证,字符串,参考备注,"例:""填写文字说明""","多巴丝肼片（美多芭）禁忌证的选择(PD-3-2-2-1)等于""其他""(oth)时必填;",若该字段无相应取值，则接口中不必提交该字段,文本长度不能超过20个字说明,,,
67,PD-3-2-2-3,卡左双多巴（息宁）禁忌证的选择,数组,参考备注,"例:[""a"",""b""]","评测药物的禁忌证(PD-3-2-2)等于""卡左双多巴（息宁）禁忌症""(b)时必填;",若该字段无相应取值，则接口中不必提交该字段,见,PD-3-2-2-3选择代码表,,
68,PD-3-2-2-4,其他卡左双多巴（息宁）禁忌证,字符串,参考备注,"例:""填写文字说明""","卡左双多巴（息宁）禁忌证的选择(PD-3-2-2-3)等于""其他""(oth)时必填;",若该字段无相应取值，则接口中不必提交该字段,文本长度不能超过20个字说明,,,
69,PD-3-2-3,盐酸苯海索（安坦）禁忌证的选择,字符串,参考备注,"例:""a""","评测药物的禁忌证(PD-3-2-2)等于""盐酸苯海索（安坦）禁忌症""(c)时必填;",若该字段无相应取值，则接口中不必提交该字段,见,PD-3-2-3选择代码表,,
70,PD-3-2-3-1,其他盐酸苯海索（安坦）禁忌证,字符串,参考备注,"例:""填写文字说明""","盐酸苯海索（安坦）禁忌证的选择(PD-3-2-3)等于""其他""(oth)时必填;",若该字段无相应取值，则接口中不必提交该字段,文本长度不能超过20个字说明,,,
71,PD-3-2-4,盐酸阿罗洛尔（阿尔马尔）禁忌证的选择,数组,参考备注,"例:[""a"",""b""]","评测药物的禁忌证(PD-3-2-2)等于""盐酸阿罗洛尔（阿尔马尔）禁忌症""(d)时必填;",若该字段无相应取值，则接口中不必提交该字段,见,PD-3-2-4选择代码表,,
72,PD-3-2-4-1,其他盐酸阿罗洛尔（阿尔马尔）禁忌证,字符串,参考备注,"例:""填写文字说明""","盐酸阿罗洛尔（阿尔马尔）禁忌证的选择(PD-3-2-4)等于""其他""(oth)时必填;",若该字段无相应取值，则接口中不必提交该字段,文本长度不能超过20个字说明,,,
73,PD-3-2-5,盐酸普拉克索（森福罗）禁忌证的选择,字符串,参考备注,"例:""a""","评测药物的禁忌证(PD-3-2-2)等于""盐酸普拉克索（森福罗）禁忌症""(e)时必填;",若该字段无相应取值，则接口中不必提交该字段,见,PD-3-2-5选择代码表,,
74,PD-3-2-5-1,其他盐酸普拉克索（森福罗）禁忌证,字符串,参考备注,"例:""填写文字说明""","盐酸普拉克索（森福罗）禁忌证的选择(PD-3-2-5)等于""其他""(oth)时必填;",若该字段无相应取值，则接口中不必提交该字段,文本长度不能超过20个字说明,,,
75,PD-3-2-6,盐酸金刚烷胺禁忌证的选择,数组,参考备注,"例:[""a"",""b""]","评测药物的禁忌证(PD-3-2-2)等于""盐酸金刚烷胺禁忌症""(f)时必填;",若该字段无相应取值，则接口中不必提交该字段,见,PD-3-2-6选择代码表,,
76,PD-3-2-6-1,其他盐酸金刚烷胺禁忌证,字符串,参考备注,"例:""填写文字说明""","盐酸金刚烷胺禁忌证的选择(PD-3-2-6)等于""其他""(oth)时必填;",若该字段无相应取值，则接口中不必提交该字段,文本长度不能超过20个字说明,,,
77,PD-3-2-7,恩他卡朋禁忌证的选择,字符串,参考备注,"例:""a""","评测药物的禁忌证(PD-3-2-2)等于""恩他卡朋禁忌症""(g)时必填;",若该字段无相应取值，则接口中不必提交该字段,见,PD-3-2-7选择代码表,,
78,PD-3-2-7-1,其他恩他卡朋禁忌证,字符串,参考备注,"例:""填写文字说明""","恩他卡朋禁忌证的选择(PD-3-2-7)等于""其他""(oth)时必填;",若该字段无相应取值，则接口中不必提交该字段,文本长度不能超过20个字说明,,,
79,PD-3-2-8,雷沙吉兰禁忌证的选择,字符串,参考备注,"例:""a""","评测药物的禁忌证(PD-3-2-2)等于""雷沙吉兰禁忌症""(h)时必填;",若该字段无相应取值，则接口中不必提交该字段,见,PD-3-2-8选择代码表,,
80,PD-3-2-8-1,其他雷沙吉兰禁忌证,字符串,参考备注,"例:""填写文字说明""","雷沙吉兰禁忌证的选择(PD-3-2-8)等于""其他""(oth)时必填;",若该字段无相应取值，则接口中不必提交该字段,文本长度不能超过20个字说明,,,
81,PD-3-2-9,盐酸罗匹尼罗禁忌证的选择,字符串,参考备注,"例:""a""","评测药物的禁忌证(PD-3-2-2)等于""盐酸罗匹尼罗禁忌症""(i)时必填;",若该字段无相应取值，则接口中不必提交该字段,见,PD-3-2-9选择代码表,,
82,PD-3-2-9-1,其他盐酸罗匹尼罗禁忌证,字符串,参考备注,"例:""填写文字说明""","盐酸罗匹尼罗禁忌证的选择(PD-3-2-9)等于""其他""(oth)时必填;",若该字段无相应取值，则接口中不必提交该字段,文本长度不能超过20个字说明,,,
83,PD-3-2-10,司来吉兰禁忌证的选择,字符串,参考备注,"例:""a""","评测药物的禁忌证(PD-3-2-2)等于""司来吉兰禁忌症""(j)时必填;",若该字段无相应取值，则接口中不必提交该字段,见,PD-3-2-10选择代码表,,
84,PD-3-2-10-1,其他司来吉兰禁忌证,字符串,参考备注,"例:""填写文字说明""","司来吉兰禁忌证的选择(PD-3-2-10)等于""其他""(oth)时必填;",若该字段无相应取值，则接口中不必提交该字段,文本长度不能超过20个字说明,,,
85,PD-3-3-1-3,运动检查 ,数组,参考备注,"例:[""a"",""b""]","是否进行多巴胺能反应性评测(PD-3-1-1)等于""是""(y)时必填;",若该字段无相应取值，则接口中不必提交该字段,见,PD-3-3-1-3选择代码表,,
86,PD-3-3-1-1,基线值（关期),数值,参考备注,例:10,"运动检查 (PD-3-3-1-3)等于""基线值（关期）""(a)时必填;","运动检查 (PD-3-3-1-3)等于""无法确定或无记录""(UTD)时无需填写;",若该字段无相应取值，则接口中不必提交该字段,,,
87,PD-3-3-1-2,最佳改善值（开期）,数值,参考备注,例:10,"运动检查 (PD-3-3-1-3)等于""最佳改善值（开期）""(b)时必填;","运动检查 (PD-3-3-1-3)等于""无法确定或无记录""(UTD)时无需填写;",若该字段无相应取值，则接口中不必提交该字段,,,
88,PD-3-4-1,疗效反应结论的选择,字符串,参考备注,"例:""a""","是否进行多巴胺能反应性评测(PD-3-1-1)等于""是""(y)时必填;",若该字段无相应取值，则接口中不必提交该字段,见,PD-3-4-1选择代码表,,
89,PD-3-5-1,不良反应风险的选择,字符串,参考备注,"例:""a""","是否进行多巴胺能反应性评测(PD-3-1-1)等于""是""(y)时必填;",若该字段无相应取值，则接口中不必提交该字段,见,PD-3-5-1选择代码表,,
90,PD-3-6-1,完成日期时间,字符串,参考备注,"例:""1970-01-01 12:00:00""","是否进行多巴胺能反应性评测(PD-3-1-1)等于""是""(y)时必填;",若该字段无相应取值，则接口中不必提交该字段,完成日期时间应小于出院日期时间,,,
91,PD-4-1-1,是否在入院24小时进行帕金森病Hoehn-Yahr分期评估,字符串,是,"例:""y""",见,PD-4-1-1选择代码表,,,,
92,PD-4-1-2,临床分期依据一: 主要有那些临床表现及体征,数组,参考备注,"例:[""a"",""b""]","是否在入院24小时进行帕金森病Hoehn-Yahr分期评估(PD-4-1-1)等于""是""(y)时必填;",若该字段无相应取值，则接口中不必提交该字段,见,PD-4-1-2选择代码表,,
93,PD-4-1-3,H-Y分期结论,字符串,参考备注,"例:""a""","是否在入院24小时进行帕金森病Hoehn-Yahr分期评估(PD-4-1-1)等于""是""(y)时必填;",若该字段无相应取值，则接口中不必提交该字段,见,PD-4-1-3选择代码表,,
94,PD-4-1-4,完成日期时间,字符串,参考备注,"例:""1970-01-01 12:00:00""","是否在入院24小时进行帕金森病Hoehn-Yahr分期评估(PD-4-1-1)等于""是""(y)时必填;",若该字段无相应取值，则接口中不必提交该字段,完成日期时间应小于出院日期时间,,,
95,PD-5-1-1,是否进行神经功能缺损评估,字符串,是,"例:""y""",见,PD-5-1-1选择代码表,,,,
96,PD-5-1-2,第一部分：日常生活非运动症状体验,数值,参考备注,例:10,"是否进行神经功能缺损评估(PD-5-1-1)等于""是""(y)时必填;",若该字段无相应取值，则接口中不必提交该字段,,,,
97,PD-5-1-3,第二部分：日常生活运动症状体验,数值,参考备注,例:10,"是否进行神经功能缺损评估(PD-5-1-1)等于""是""(y)时必填;",若该字段无相应取值，则接口中不必提交该字段,,,,
98,PD-5-1-4,第三部分：运动功能检查,数值,参考备注,例:10,"是否进行神经功能缺损评估(PD-5-1-1)等于""是""(y)时必填;",若该字段无相应取值，则接口中不必提交该字段,,,,
99,PD-5-1-5,第四部分：运动并发症,数值,参考备注,例:10,"是否进行神经功能缺损评估(PD-5-1-1)等于""是""(y)时必填;",若该字段无相应取值，则接口中不必提交该字段,,,,
100,PD-5-1-6,日常分值合计,数值,否,例:10,"是否进行神经功能缺损评估(PD-5-1-1)等于""是""(y)时可填写;","数字计算公式:第一部分：日常生活非运动症状体验 (PD-5-1-2)+第二部分：日常生活运动症状体验(PD-5-1-3)第三部分：运动功能检查(PD-5-1-4)第四部分：运动并发症(PD-5-1-5),单位:整数",,,,
101,PD-5-1-7,完成日期时间,字符串,参考备注,"例:""1970-01-01 12:00:00""","是否进行神经功能缺损评估(PD-5-1-1)等于""是""(y)时必填;",若该字段无相应取值，则接口中不必提交该字段,完成日期时间应小于出院日期时间,,,
102,PD-6-1-1,运动并发症类型,字符串,是,"例:""a""",见,PD-6-1-1选择代码表,,,,
103,PD-6-1-2,剂末现象的筛查,数组,参考备注,"例:[""a"",""b""]","运动并发症类型(PD-6-1-1)等于""剂末现象""(a)时必填;","运动并发症类型(PD-6-1-1)等于""无运动并发症""(c)时无需填写;",若该字段无相应取值，则接口中不必提交该字段,见,PD-6-1-2选择代码表,
104,PD-6-1-2-1,其他剂末现象,字符串,参考备注,"例:""填写文字说明""","运动并发症类型(PD-6-1-1)等于""无运动并发症""(c)时无需填写;","剂末现象的筛查(PD-6-1-2)等于""其他""(oth)时必填;",若该字段无相应取值，则接口中不必提交该字段,文本长度不能超过20个字说明,,
105,PD-6-1-3,剂末现象的处理,数组,参考备注,"例:[""a"",""b""]","运动并发症类型(PD-6-1-1)等于""剂末现象""(a)时必填;","运动并发症类型(PD-6-1-1)等于""无运动并发症""(c)时无需填写;",若该字段无相应取值，则接口中不必提交该字段,见,PD-6-1-3选择代码表,
106,PD-6-1-3-1,其他剂末现象处理,字符串,参考备注,"例:""填写文字说明""","运动并发症类型(PD-6-1-1)等于""无运动并发症""(c)时无需填写;","剂末现象的处理(PD-6-1-3)等于""其他""(oth)时必填;",若该字段无相应取值，则接口中不必提交该字段,文本长度不能超过20个字说明,,
107,PD-6-1-4,异动症类型,字符串,参考备注,"例:""a""","运动并发症类型(PD-6-1-1)等于""异动症""(b)时必填;","运动并发症类型(PD-6-1-1)等于""无运动并发症""(c)时无需填写;",若该字段无相应取值，则接口中不必提交该字段,见,PD-6-1-4选择代码表,
108,PD-6-1-4-1,剂峰异动症处理,数组,参考备注,"例:[""a"",""b""]","运动并发症类型(PD-6-1-1)等于""无运动并发症""(c)时无需填写;","异动症类型(PD-6-1-4)等于""剂峰异动""(a)时必填;",若该字段无相应取值，则接口中不必提交该字段,见,PD-6-1-4-1选择代码表,
109,PD-6-1-4-1-1,其他剂峰异动处理,字符串,参考备注,"例:""填写文字说明""","运动并发症类型(PD-6-1-1)等于""无运动并发症""(c)时无需填写;","剂峰异动症处理(PD-6-1-4-1)等于""其他""(oth)时必填;",若该字段无相应取值，则接口中不必提交该字段,文本长度不能超过20个字说明,,
110,PD-6-1-4-2,剂末异动症处理,数组,参考备注,"例:[""a"",""b""]","运动并发症类型(PD-6-1-1)等于""无运动并发症""(c)时无需填写;","异动症类型(PD-6-1-4)等于""剂末异动""(b)时必填;",若该字段无相应取值，则接口中不必提交该字段,见,PD-6-1-4-2选择代码表,
111,PD-6-1-4-2-1,其他剂末异动处理,字符串,参考备注,"例:""填写文字说明""","运动并发症类型(PD-6-1-1)等于""无运动并发症""(c)时无需填写;","剂末异动症处理(PD-6-1-4-2)等于""其他""(oth)时必填;",若该字段无相应取值，则接口中不必提交该字段,文本长度不能超过20个字说明,,
112,PD-6-1-4-3,双相异动症处理,数组,参考备注,"例:[""a"",""b""]","运动并发症类型(PD-6-1-1)等于""无运动并发症""(c)时无需填写;","异动症类型(PD-6-1-4)等于""双相异动（多表现为肌张力障碍）""(c)时必填;",若该字段无相应取值，则接口中不必提交该字段,见,PD-6-1-4-3选择代码表,
113,PD-6-1-4-3-1,其他双相异动处理,字符串,参考备注,"例:""填写文字说明""","运动并发症类型(PD-6-1-1)等于""无运动并发症""(c)时无需填写;","双相异动症处理(PD-6-1-4-3)等于""其他""(oth)时必填;",若该字段无相应取值，则接口中不必提交该字段,文本长度不能超过20个字说明,,
114,PD-6-1-5,筛查完成日期时间,字符串,参考备注,"例:""1970-01-01 12:00:00""","运动并发症类型(PD-6-1-1)等于""无运动并发症""(c)时无需填写;",若该字段无相应取值，则接口中不必提交该字段,筛查完成日期时间应小于出院日期时间,,,
115,PD-6-2-1,是否实施筛查认知功能障碍评估,字符串,是,"例:""y""",见,PD-6-2-1选择代码表,,,,
116,PD-6-2-2,进行认知功能筛查类型的选择,字符串,参考备注,"例:""a""","是否实施筛查认知功能障碍评估(PD-6-2-1)等于""是""(y)时必填;",若该字段无相应取值，则接口中不必提交该字段,见,PD-6-2-2选择代码表,,
117,PD-6-2-3-1,定向力筛查结果,数值,参考备注,例:10,"进行认知功能筛查类型的选择(PD-6-2-2)等于""MMSE""(a)时必填;",若该字段无相应取值，则接口中不必提交该字段,,,,
118,PD-6-2-3-2,记忆力筛查结果,数值,参考备注,例:10,"进行认知功能筛查类型的选择(PD-6-2-2)等于""MMSE""(a)时必填;",若该字段无相应取值，则接口中不必提交该字段,,,,
119,PD-6-2-3-3,注意力和计算力筛查结果,数值,参考备注,例:10,"进行认知功能筛查类型的选择(PD-6-2-2)等于""MMSE""(a)时必填;",若该字段无相应取值，则接口中不必提交该字段,,,,
120,PD-6-2-3-4,回忆能力筛查结果,数值,参考备注,例:10,"进行认知功能筛查类型的选择(PD-6-2-2)等于""MMSE""(a)时必填;",若该字段无相应取值，则接口中不必提交该字段,,,,
121,PD-6-2-3-5,语言能力筛查结果,数值,参考备注,例:10,"进行认知功能筛查类型的选择(PD-6-2-2)等于""MMSE""(a)时必填;",若该字段无相应取值，则接口中不必提交该字段,,,,
122,PD-6-2-3,入院1周完成筛查认知功能障碍（MMSE）评估分值,数值,否,例:10,"该字段无需用户填写,由系统自动生成;","数字计算公式:定向力筛查结果(PD-6-2-3-1)+记忆力筛查结果(PD-6-2-3-2)注意力和计算力筛查结果(PD-6-2-3-3)回忆能力筛查结果(PD-6-2-3-4)语言能力筛查结果(PD-6-2-3-5),单位:整数",,,,
123,PD-6-2-4,痴呆严重程度分级,字符串,否,"例:""a""","进行认知功能筛查类型的选择(PD-6-2-2)等于""MMSE""(a)时必填;",见,PD-6-2-4选择代码表,,,
124,PD-6-2-5,认知功能障碍类型,字符串,参考备注,"例:""a""","进行认知功能筛查类型的选择(PD-6-2-2)等于""MMSE""(a)时必填;",若该字段无相应取值，则接口中不必提交该字段,见,PD-6-2-5选择代码表,,
125,PD-6-2-6,完成日期时间,字符串,参考备注,"例:""1970-01-01 12:00:00""","进行认知功能筛查类型的选择(PD-6-2-2)等于""MMSE""(a)时必填;",若该字段无相应取值，则接口中不必提交该字段,完成日期时间应小于出院日期时间,,,
126,PD-6-2-2-1,其他进行认知功能筛查类型,字符串,参考备注,"例:""填写文字说明""","进行认知功能筛查类型的选择(PD-6-2-2)等于""其他""(oth)时必填;",若该字段无相应取值，则接口中不必提交该字段,文本长度不能超过20个字说明,,,
127,PD-6-2-7,Moca量表评分值,数值,参考备注,例:10,"进行认知功能筛查类型的选择(PD-6-2-2)等于""MoCA""(b)时必填;",若该字段无相应取值，则接口中不必提交该字段,Moca量表评分值填写范围(0~30);,Moca量表评分值填写范围(0~30),,
128,PD-6-2-8,痴呆严重程度分层,字符串,否,"例:""a""","进行认知功能筛查类型的选择(PD-6-2-2)等于""MoCA""(b)时可填写;",见,PD-6-2-8选择代码表,,,
129,PD-6-2-9,是否实施认知功能障碍治疗,字符串,参考备注,"例:""y""","是否实施筛查认知功能障碍评估(PD-6-2-1)等于""是""(y)时必填;",若该字段无相应取值，则接口中不必提交该字段,见,PD-6-2-9选择代码表,,
130,PD-6-2-10,认知功能障碍治疗措施的选择,数组,参考备注,"例:[""a"",""b""]","是否实施认知功能障碍治疗(PD-6-2-9)等于""是""(y)时必填;",若该字段无相应取值，则接口中不必提交该字段,见,PD-6-2-10选择代码表,,
131,PD-6-2-10-1,其他认知功能障碍治疗措施,字符串,参考备注,"例:""填写文字说明""","认知功能障碍治疗措施的选择(PD-6-2-10)等于""其他""(oth)时必填;",若该字段无相应取值，则接口中不必提交该字段,文本长度不能超过20个字说明,,,
132,PD-6-2-11,治疗医嘱执行日期时间,字符串,参考备注,"例:""1970-01-01""","是否实施筛查认知功能障碍评估(PD-6-2-1)等于""是""(y)时必填;",若该字段无相应取值，则接口中不必提交该字段,治疗医嘱执行日期时间应小于出院日期时间,,,
133,PD-6-3-1,是否实施心理状况的筛查,字符串,是,"例:""y""",见,PD-6-3-1选择代码表,,,,
134,PD-6-3-2,进行心理状况筛查的项目,字符串,参考备注,"例:""a""","是否实施心理状况的筛查(PD-6-3-1)等于""是""(y)时必填;",若该字段无相应取值，则接口中不必提交该字段,见,PD-6-3-2选择代码表,,
135,PD-6-3-3,完成日期时间,字符串,参考备注,"例:""1970-01-01 12:00:00""","是否实施心理状况的筛查(PD-6-3-1)等于""是""(y)时必填;",若该字段无相应取值，则接口中不必提交该字段,完成日期时间应小于出院日期时间,,,
136,PD-6-4-1,是否实施睡眠状况的筛查,字符串,是,"例:""y""",见,PD-6-4-1选择代码表,,,,
137,PD-6-4-2,进行睡眠状况筛查的项目,数组,参考备注,"例:[""a"",""b""]","是否实施睡眠状况的筛查(PD-6-4-1)等于""是""(y)时必填;",若该字段无相应取值，则接口中不必提交该字段,见,PD-6-4-2选择代码表,,
138,PD-6-4-2-1,其他睡眠状况筛查的项目,字符串,参考备注,"例:""填写文字说明""","进行睡眠状况筛查的项目(PD-6-4-2)等于""其他""(oth)时必填;",若该字段无相应取值，则接口中不必提交该字段,文本长度不能超过20个字说明,,,
139,PD-6-4-3,完成日期时间,字符串,参考备注,"例:""1970-01-01 12:00:00""","是否实施睡眠状况的筛查(PD-6-4-1)等于""是""(y)时必填;",若该字段无相应取值，则接口中不必提交该字段,完成日期时间应小于出院日期时间,,,
140,PD-6-5-1,入院查体时是否实施卧立位血压的检测,字符串,是,"例:""y""",见,PD-6-5-1选择代码表,,,,
141,PD-6-5-2-1,卧位血压-收缩压(mmHg),数值,参考备注,例:10,"入院查体时是否实施卧立位血压的检测(PD-6-5-1)等于""是""(y)时可填写;",若该字段无相应取值，则接口中不必提交该字段,,,,
142,PD-6-5-2-2,卧位血压-舒张压(mmHg),数值,参考备注,例:10,"入院查体时是否实施卧立位血压的检测(PD-6-5-1)等于""是""(y)时可填写;",若该字段无相应取值，则接口中不必提交该字段,,,,
143,PD-6-5-3-1,立位即刻血压-收缩压(mmHg),数值,参考备注,例:10,"入院查体时是否实施卧立位血压的检测(PD-6-5-1)等于""是""(y)时可填写;",若该字段无相应取值，则接口中不必提交该字段,,,,
144,PD-6-5-3-2,立位即刻血压-舒张压(mmHg),数值,参考备注,例:10,"入院查体时是否实施卧立位血压的检测(PD-6-5-1)等于""是""(y)时可填写;",若该字段无相应取值，则接口中不必提交该字段,,,,
145,PD-6-5-4-1,立位1min血压-收缩压(mmHg),数值,参考备注,例:10,"入院查体时是否实施卧立位血压的检测(PD-6-5-1)等于""是""(y)时可填写;",若该字段无相应取值，则接口中不必提交该字段,,,,
146,PD-6-5-4-2,立位1min血压-舒张压(mmHg),数值,参考备注,例:10,"入院查体时是否实施卧立位血压的检测(PD-6-5-1)等于""是""(y)时可填写;",若该字段无相应取值，则接口中不必提交该字段,,,,
147,PD-6-5-5-1,立位3min血压-收缩压(mmHg),数值,参考备注,例:10,"入院查体时是否实施卧立位血压的检测(PD-6-5-1)等于""是""(y)时可填写;",若该字段无相应取值，则接口中不必提交该字段,,,,
148,PD-6-5-5-2,立位3min血压-舒张压(mmHg),数值,参考备注,例:10,"入院查体时是否实施卧立位血压的检测(PD-6-5-1)等于""是""(y)时可填写;",若该字段无相应取值，则接口中不必提交该字段,,,,
149,PD-6-5-6-1,立位大于3min血压-收缩压(mmHg),数值,参考备注,例:10,"入院查体时是否实施卧立位血压的检测(PD-6-5-1)等于""是""(y)时可填写;",若该字段无相应取值，则接口中不必提交该字段,,,,
150,PD-6-5-6-2,立位大于3min血压-舒张压(mmHg),数值,参考备注,例:10,"入院查体时是否实施卧立位血压的检测(PD-6-5-1)等于""是""(y)时可填写;",若该字段无相应取值，则接口中不必提交该字段,,,,
151,PD-6-5-7,完成日期时间,字符串,参考备注,"例:""1970-01-01 12:00:00""","入院查体时是否实施卧立位血压的检测(PD-6-5-1)等于""是""(y)时必填;",若该字段无相应取值，则接口中不必提交该字段,完成日期时间应小于出院日期时间,,,
152,PD-6-5-8,"告知患者,体位性低血压干预措施有记录",数组,参考备注,"例:[""a"",""b""]","入院查体时是否实施卧立位血压的检测(PD-6-5-1)等于""是""(y)时必填;",若该字段无相应取值，则接口中不必提交该字段,见,PD-6-5-8选择代码表,,
153,PD-6-5-8-1,其他体位性低血压干预措施记录,字符串,参考备注,"例:""填写文字说明""","告知患者,体位性低血压干预措施有记录(PD-6-5-8)等于""其他""(oth)时必填;",若该字段无相应取值，则接口中不必提交该字段,文本长度不能超过20个字说明,,,
154,PD-7-1-1,是否为合并运动并发症的患者,字符串,是,"例:""UTD""",默认初始化值:UTD见,PD-7-1-1选择代码表,,,,
155,PD-7-1-2-1,是否为原发性PD,字符串,参考备注,"例:""y""","是否为合并运动并发症的患者(PD-7-1-1)等于""是""(y)时必填;",若该字段无相应取值，则接口中不必提交该字段,见,PD-7-1-2-1选择代码表,,
156,PD-7-1-2-2,优化药物治疗后，仍存在下列情况之一者,字符串,参考备注,"例:""a""","是否为合并运动并发症的患者(PD-7-1-1)等于""是""(y)时必填;",若该字段无相应取值，则接口中不必提交该字段,见,PD-7-1-2-2选择代码表,,
157,PD-7-1-2-3,急性左旋多巴药物反应良好，存在下列情况之一者,字符串,参考备注,"例:""a""","是否为合并运动并发症的患者(PD-7-1-1)等于""是""(y)时必填;",若该字段无相应取值，则接口中不必提交该字段,见,PD-7-1-2-3选择代码表,,
158,PD-7-1-2-4,病程,字符串,参考备注,"例:""a""","是否为合并运动并发症的患者(PD-7-1-1)等于""是""(y)时必填;",若该字段无相应取值，则接口中不必提交该字段,见,PD-7-1-2-4选择代码表,,
159,PD-7-1-2-5,年龄：符合一条,字符串,参考备注,"例:""a""","是否为合并运动并发症的患者(PD-7-1-1)等于""是""(y)时必填;",若该字段无相应取值，则接口中不必提交该字段,见,PD-7-1-2-5选择代码表,,
160,PD-7-1-3,手术禁忌证的选择,字符串,参考备注,"例:""a""","是否为合并运动并发症的患者(PD-7-1-1)等于""是""(y)时必填;",若该字段无相应取值，则接口中不必提交该字段,见,PD-7-1-3选择代码表,,
161,PD-7-1-4,完成日期时间,字符串,参考备注,"例:""1970-01-01 12:00:00""","是否为合并运动并发症的患者(PD-7-1-1)等于""是""(y)时必填;",若该字段无相应取值，则接口中不必提交该字段,完成日期时间应小于出院日期时间,,,
162,PD-7-2-1,是否进行脑深部电刺激手术（DBS）,字符串,参考备注,"例:""UTD""","是否为合并运动并发症的患者(PD-7-1-1)等于""是""(y)时必填;",若该字段无相应取值，则接口中不必提交该字段,默认初始化值:UTD见,PD-7-2-1选择代码表,,
163,PD-7-2-2,实施脑深部电刺激手术（DBS）的ICD-9-CM-3四位亚目编码及名称的选择,字符串,参考备注,"例:""a""","是否进行脑深部电刺激手术（DBS）(PD-7-2-1)等于""是""(y)时必填;",若该字段无相应取值，则接口中不必提交该字段,见,PD-7-2-2选择代码表,,
164,PD-7-2-2-1,实施脑深部电刺激其他手术,字符串,参考备注,"例:""填写文字说明""","实施脑深部电刺激手术（DBS）的ICD-9-CM-3四位亚目编码及名称的选择(PD-7-2-2)等于""其他手术""(oth)时必填;",若该字段无相应取值，则接口中不必提交该字段,文本长度不能超过20个字说明,,,
165,PD-7-2-3,DBS手术完成日期,字符串,参考备注,"例:""1970-01-01""","是否进行脑深部电刺激手术（DBS）(PD-7-2-1)等于""是""(y)时必填;",若该字段无相应取值，则接口中不必提交该字段,DBS手术完成日期应小于出院日期时间,,,
166,CM-2-1,是否有手术后并发症,字符串,参考备注,"例:""UTD""","是否进行脑深部电刺激手术（DBS）(PD-7-2-1)等于""是""(y)时必填;",若该字段无相应取值，则接口中不必提交该字段,默认初始化值:UTD见,CM-2-1选择代码表,,
167,CM-2-2,手术后并发症类别及ICD-10四位亚目的选择,字符串,参考备注,"例:""a""","是否有手术后并发症(CM-2-1)等于""是""(y)时必填;",若该字段无相应取值，则接口中不必提交该字段,见,CM-2-2选择代码表,,
168,CM-2-3-1-1,其他手术后并发症类别及ICD-10四位亚目和名称填写,字符串,参考备注,"例:""填写文字说明""","手术后并发症类别及ICD-10四位亚目的选择(CM-2-2)等于""其他 (用ICD-10四位亚目和名称说明)""(oth)时必填;",若该字段无相应取值，则接口中不必提交该字段,,,,
169,CM-2-3-1,介入操作与手术其他并发症,字符串,参考备注,"例:""a""","手术后并发症类别及ICD-10四位亚目的选择(CM-2-2)等于""手术并发症(O04.5，T81.1，T81.2，T81.3，T81.7，T81.8)""(a)时必填;",若该字段无相应取值，则接口中不必提交该字段,见,CM-2-3-1选择代码表,,
170,CM-2-3-2,手术患者手术后肺栓塞例数,字符串,参考备注,"例:""a""","手术后并发症类别及ICD-10四位亚目的选择(CM-2-2)等于""手术患者手术后肺栓塞(I26.9，O04.2，O07.2，O88.2)""(b)时必填;",若该字段无相应取值，则接口中不必提交该字段,见,CM-2-3-2选择代码表,,
171,CM-2-3-3,手术患者手术后深静脉血栓例数,字符串,参考备注,"例:""a""","手术后并发症类别及ICD-10四位亚目的选择(CM-2-2)等于""手术患者手术后深静脉血栓(I80.2，I82.8，O22.3，O87.1)""(c)时必填;",若该字段无相应取值，则接口中不必提交该字段,见,CM-2-3-3选择代码表,,
172,CM-2-3-4,手术患者手术后败血症例数,字符串,参考备注,"例:""a""","手术后并发症类别及ICD-10四位亚目的选择(CM-2-2)等于""手术患者手术后败血症(T81.4)""(d)时必填;",若该字段无相应取值，则接口中不必提交该字段,见,CM-2-3-4选择代码表,,
173,CM-2-3-5,手术患者手术后出血或血肿例数,字符串,参考备注,"例:""a""","手术后并发症类别及ICD-10四位亚目的选择(CM-2-2)等于""手术患者手术后出血或血肿(O04.1，O04.6，O04.8，O07.1，O07.6，T81.0)""(e)时必填;",若该字段无相应取值，则接口中不必提交该字段,见,CM-2-3-5选择代码表,,
174,CM-2-3-6,手术患者手术伤口裂开,字符串,参考备注,"例:""a""","手术后并发症类别及ICD-10四位亚目的选择(CM-2-2)等于""手术患者手术伤口裂开(T81.3)""(f)时必填;",若该字段无相应取值，则接口中不必提交该字段,见,CM-2-3-6选择代码表,,
175,CM-2-3-7,手术患者猝死,字符串,参考备注,"例:""a""","手术后并发症类别及ICD-10四位亚目的选择(CM-2-2)等于""手术患者猝死（手术后24小时内死亡）(R96.0，R96.1)""(g)时必填;",若该字段无相应取值，则接口中不必提交该字段,见,CM-2-3-7选择代码表,,
176,CM-2-3-8,手术患者手术后呼吸道并发症,字符串,参考备注,"例:""a""","手术后并发症类别及ICD-10四位亚目的选择(CM-2-2)等于""手术患者手术后呼吸道并发症(J95.0至J95.9，J96.0，J96.9)""(h)时必填;",若该字段无相应取值，则接口中不必提交该字段,见,CM-2-3-8选择代码表,,
177,CM-2-3-9,手术患者手术后生理/代谢紊乱,字符串,参考备注,"例:""a""","手术后并发症类别及ICD-10四位亚目的选择(CM-2-2)等于""手术患者手术后生理/代谢紊乱(E86.x0，E87.0至E87.8，E88.8，E88.9，E89.0至E89.9)""(i)时必填;",若该字段无相应取值，则接口中不必提交该字段,见,CM-2-3-9选择代码表,,
178,CM-2-3-10,与手术/操作相关感染,字符串,参考备注,"例:""a""","手术后并发症类别及ICD-10四位亚目的选择(CM-2-2)等于""与手术/操作相关感染(O04.0，O07.0，T81.4)""(j)时必填;",若该字段无相应取值，则接口中不必提交该字段,见,CM-2-3-10选择代码表,,
179,CM-2-3-11,手术过程中异物遗留,字符串,参考备注,"例:""a""","手术后并发症类别及ICD-10四位亚目的选择(CM-2-2)等于""手术过程中异物遗留(T81.5)""(k)时必填;",若该字段无相应取值，则接口中不必提交该字段,见,CM-2-3-11选择代码表,,
180,CM-2-3-12,麻醉并发症,字符串,参考备注,"例:""a""","手术后并发症类别及ICD-10四位亚目的选择(CM-2-2)等于""麻醉并发症(T88.2，T88.3，T88.4，T88.5)""(l)时必填;",若该字段无相应取值，则接口中不必提交该字段,见,CM-2-3-12选择代码表,,
181,CM-2-3-13,输注、输血反应,字符串,参考备注,"例:""a""","手术后并发症类别及ICD-10四位亚目的选择(CM-2-2)等于""输注、输血反应(T80.0至T80.9)""(m)时必填;",若该字段无相应取值，则接口中不必提交该字段,见,CM-2-3-13选择代码表,,
182,PD-7-3-3,神经系统手术并发症,字符串,参考备注,"例:""a""","是否有手术后并发症(CM-2-1)等于""是""(y)时必填;",若该字段无相应取值，则接口中不必提交该字段,见,PD-7-3-3选择代码表,,
183,PD-7-3-3-1,其他术后并发症,字符串,参考备注,"例:""填写文字说明""","神经系统手术并发症(PD-7-3-3)等于""其他术后并发症""(oth)时必填;",若该字段无相应取值，则接口中不必提交该字段,,,,
184,PD-8-1-1,是否有冻结步态,字符串,是,"例:""y""",见,PD-8-1-1选择代码表,,,,
185,PD-8-1-2,是否有冻结步态量表（FOG-Q）评分,字符串,参考备注,"例:""y""","是否有冻结步态(PD-8-1-1)等于""是""(y)时必填;",若该字段无相应取值，则接口中不必提交该字段,见,PD-8-1-2选择代码表,,
186,PD-8-1-3-1,(FOG-Q）评分值是否确定,数组,参考备注,"例:[""UTD""]","是否有冻结步态量表（FOG-Q）评分(PD-8-1-2)等于""是""(y)时可填写;",若该字段无相应取值，则接口中不必提交该字段,见,PD-8-1-3-1选择代码表,,
187,PD-8-1-3,冻结步态量表（FOG-Q）评分值,数值,参考备注,例:10,"是否有冻结步态量表（FOG-Q）评分(PD-8-1-2)等于""是""(y)时必填;","(FOG-Q）评分值是否确定(PD-8-1-3-1)等于""无法确定或无记录""(UTD)时无需填写;",若该字段无相应取值，则接口中不必提交该字段,FOG-Q评分值应大于等于0,,
188,PD-8-1-4,评估日期时间,字符串,参考备注,"例:""1970-01-01""","是否有冻结步态量表（FOG-Q）评分(PD-8-1-2)等于""是""(y)时必填;",若该字段无相应取值，则接口中不必提交该字段,评估日期时间应小于出院日期时间,,,
189,PD-8-2-1,康复方式选择,字符串,参考备注,"例:""a""","是否有冻结步态(PD-8-1-1)等于""是""(y)时必填;",若该字段无相应取值，则接口中不必提交该字段,见,PD-8-2-1选择代码表,,
190,PD-8-2-2,康复实施日期(首次),字符串,参考备注,"例:""1970-01-01""","是否有冻结步态(PD-8-1-1)等于""是""(y)时必填;",若该字段无相应取值，则接口中不必提交该字段,康复实施日期应小于出院日期时间,,,
191,PD-8-2-3,未能进行康复原因,字符串,参考备注,"例:""a""","是否有冻结步态(PD-8-1-1)等于""是""(y)时必填;",若该字段无相应取值，则接口中不必提交该字段,见,PD-8-2-3选择代码表,,
192,PD-9-1-1,入院时是否进行重点护理评估且有记录,字符串,是,"例:""y""",见,PD-9-1-1选择代码表,,,,
193,PD-9-1-1-1,行走评估结果,字符串,参考备注,"例:""a""","入院时是否进行重点护理评估且有记录(PD-9-1-1)等于""是""(y)时必填;",若该字段无相应取值，则接口中不必提交该字段,见,PD-9-1-1-1选择代码表,,
194,PD-9-1-2,跌倒/坠床评估,字符串,参考备注,"例:""a""","入院时是否进行重点护理评估且有记录(PD-9-1-1)等于""是""(y)时必填;",若该字段无相应取值，则接口中不必提交该字段,见,PD-9-1-2选择代码表,,
195,PD-9-1-3,饮食评估结果,字符串,参考备注,"例:""a""","入院时是否进行重点护理评估且有记录(PD-9-1-1)等于""是""(y)时必填;",若该字段无相应取值，则接口中不必提交该字段,见,PD-9-1-3选择代码表,,
196,PD-9-1-4,吞咽评估结果,字符串,参考备注,"例:""a""","入院时是否进行重点护理评估且有记录(PD-9-1-1)等于""是""(y)时必填;",若该字段无相应取值，则接口中不必提交该字段,见,PD-9-1-4选择代码表,,
197,PD-9-1-5,误吸,字符串,参考备注,"例:""a""","入院时是否进行重点护理评估且有记录(PD-9-1-1)等于""是""(y)时必填;",若该字段无相应取值，则接口中不必提交该字段,见,PD-9-1-5选择代码表,,
198,PD-9-1-5-1,压疮评估是否无法确定或无记录,数组,参考备注,"例:[""UTD""]","入院时是否进行重点护理评估且有记录(PD-9-1-1)等于""是""(y)时可填写;","误吸(PD-9-1-5)等于""轻度危机：≤5分""(a)时无需填写;","误吸(PD-9-1-5)等于""请选择""(def)时无需填写;",若该字段无相应取值，则接口中不必提交该字段,见,PD-9-1-5-1选择代码表
199,PD-9-1-6,压疮评估（Braden评分值）分值,数值,参考备注,例:10,"入院时是否进行重点护理评估且有记录(PD-9-1-1)等于""是""(y)时必填;","压疮评估是否无法确定或无记录(PD-9-1-5-1)等于""无法确定或无记录""(UTD)时无需填写;",若该字段无相应取值，则接口中不必提交该字段,,,
200,PD-9-1-6-1,压疮评估结果选择,字符串,参考备注,"例:""a""","入院时是否进行重点护理评估且有记录(PD-9-1-1)等于""是""(y)时必填;","压疮评估是否无法确定或无记录(PD-9-1-5-1)等于""无法确定或无记录""(UTD)时无需填写;",若该字段无相应取值，则接口中不必提交该字段,见,PD-9-1-6-1选择代码表,
201,PD-9-1-6-2,预防压疮是否告知,字符串,参考备注,"例:""UTD""","压疮评估是否无法确定或无记录(PD-9-1-5-1)等于""无法确定或无记录""(UTD)时无需填写;","压疮评估结果选择(PD-9-1-6-1)大于等于""轻度危机：15-18分""(b)且小于等于""严重危机：小于等于9分""(e)时必填;",若该字段无相应取值，则接口中不必提交该字段,见,PD-9-1-6-2选择代码表,
202,PD-9-1-7,Wells深静脉血栓风险评分,字符串,参考备注,"例:""a""","入院时是否进行重点护理评估且有记录(PD-9-1-1)等于""是""(y)时必填;",若该字段无相应取值，则接口中不必提交该字段,见,PD-9-1-7选择代码表,,
203,PD-9-1-8,尿失禁评估,字符串,参考备注,"例:""a""","入院时是否进行重点护理评估且有记录(PD-9-1-1)等于""是""(y)时必填;",若该字段无相应取值，则接口中不必提交该字段,见,PD-9-1-8选择代码表,,
204,PD-9-1-9,疼痛评估,字符串,参考备注,"例:""a""","入院时是否进行重点护理评估且有记录(PD-9-1-1)等于""是""(y)时必填;",若该字段无相应取值，则接口中不必提交该字段,见,PD-9-1-9选择代码表,,
205,PD-9-1-2-1,DBS前、后是否实施健康教育有记录,字符串,参考备注,"例:""UTD""","入院时是否进行重点护理评估且有记录(PD-9-1-1)等于""是""(y)时必填;",若该字段无相应取值，则接口中不必提交该字段,默认初始化值:UTD见,PD-9-1-2-1选择代码表,,
206,PD-9-1-2-2,手术（DBS）前健康教育有记录,数组,参考备注,"例:[""a"",""b""]","DBS前、后是否实施健康教育有记录(PD-9-1-2-1)等于""是""(y)时必填;",若该字段无相应取值，则接口中不必提交该字段,见,PD-9-1-2-2选择代码表,,
207,PD-9-1-3-3,手术（DBS）后健康教育有记录,数组,参考备注,"例:[""a"",""b""]","DBS前、后是否实施健康教育有记录(PD-9-1-2-1)等于""是""(y)时必填;",若该字段无相应取值，则接口中不必提交该字段,见,PD-9-1-3-3选择代码表,,
208,CM-7-2-1,交与患者“出院小结”的副本告知患者出院时风险因素,数组,是,"例:[""a"",""b""]",见,CM-7-2-1选择代码表,,,,
209,CM-7-2-2,出院带药,数组,是,"例:[""a"",""b""]",见,CM-7-2-2选择代码表,,,,
210,CM-7-2-4,告知发生紧急意外情况或者疾病复发如何救治及前途经,数组,是,"例:[""a"",""b""]",见,CM-7-2-4选择代码表,,,,
211,CM-7-2-5,出院时教育与随访,数组,是,"例:[""a"",""b""]",见,CM-7-2-5选择代码表,,,,
212,CM-7-2-3,告知何为发生紧急意外情况或者疾病复发,数组,是,"例:[""a"",""b""]",见,CM-7-2-3选择代码表,,,,
213,CM-4-3,离院方式选择,字符串,是,"例:""a""",见,CM-4-3选择代码表,,,,
214,CM-4-5,非医嘱离院可能涉及因素,数组,参考备注,"例:[""a"",""b""]","离院方式选择(CM-4-3)等于""非医嘱离院""(d)时可填写;",若该字段无相应取值，则接口中不必提交该字段,见,CM-4-5选择代码表,,
215,CM-4-4-1,其他非医嘱离院因素填写,字符串,参考备注,"例:""填写文字说明""","非医嘱离院可能涉及因素(CM-4-5)等于""其他""(oth)时必填;",若该字段无相应取值，则接口中不必提交该字段,,,,
216,CM-4-6,死亡可能涉及因素,字符串,参考备注,"例:""a""","离院方式选择(CM-4-3)等于""死亡""(e)时可填写;",若该字段无相应取值，则接口中不必提交该字段,见,CM-4-6选择代码表,,
217,CM-5-1,患者是否对服务的体验与评价,字符串,是,"例:""y""",见,CM-5-1选择代码表,,,,
218,CM-5-2-1,整体医院评级,字符串,参考备注,"例:""a""","患者是否对服务的体验与评价(CM-5-1)等于""是""(y)时必填;",若该字段无相应取值，则接口中不必提交该字段,见,CM-5-2-1选择代码表,,
219,CM-5-2-2,患者推荐,字符串,参考备注,"例:""a""","患者是否对服务的体验与评价(CM-5-1)等于""是""(y)时必填;",若该字段无相应取值，则接口中不必提交该字段,见,CM-5-2-2选择代码表,,
220,CM-5-2-3,病房、床单元和卫生间清洁度,字符串,参考备注,"例:""a""","患者是否对服务的体验与评价(CM-5-1)等于""是""(y)时必填;",若该字段无相应取值，则接口中不必提交该字段,见,CM-5-2-3选择代码表,,
221,CM-5-2-5,病房与周边噪音,字符串,参考备注,"例:""a""","患者是否对服务的体验与评价(CM-5-1)等于""是""(y)时必填;",若该字段无相应取值，则接口中不必提交该字段,见,CM-5-2-5选择代码表,,
222,CM-5-2-6,医生沟通,字符串,参考备注,"例:""a""","患者是否对服务的体验与评价(CM-5-1)等于""是""(y)时必填;",若该字段无相应取值，则接口中不必提交该字段,见,CM-5-2-6选择代码表,,
223,CM-5-2-7,护士沟通,字符串,参考备注,"例:""a""","患者是否对服务的体验与评价(CM-5-1)等于""是""(y)时必填;",若该字段无相应取值，则接口中不必提交该字段,见,CM-5-2-7选择代码表,,
224,CM-5-2-8,药师沟通,字符串,参考备注,"例:""a""","患者是否对服务的体验与评价(CM-5-1)等于""是""(y)时必填;",若该字段无相应取值，则接口中不必提交该字段,见,CM-5-2-8选择代码表,,
225,CM-5-2-9,康复计划,字符串,参考备注,"例:""a""","患者是否对服务的体验与评价(CM-5-1)等于""是""(y)时必填;",若该字段无相应取值，则接口中不必提交该字段,见,CM-5-2-9选择代码表,,
226,CM-5-2-10,出院时的知情告知,字符串,参考备注,"例:""a""","患者是否对服务的体验与评价(CM-5-1)等于""是""(y)时必填;",若该字段无相应取值，则接口中不必提交该字段,见,CM-5-2-10选择代码表,,
227,CM-5-2-11,膳食评价,字符串,参考备注,"例:""a""","患者是否对服务的体验与评价(CM-5-1)等于""是""(y)时必填;",若该字段无相应取值，则接口中不必提交该字段,见,CM-5-2-11选择代码表,,
228,CM-6-1,住院总费用,数值,是,例:10,住院总费用要大于0;,住院总费用要小于1000000;,住院总费用应大于等于各项费用之和,,,
229,CM-6-2,住院总费用其中自付金额,数值,是,例:10,自付金额要,自付金额应≤住院总费用,,,,
230,CM-6-3,一般医疗服务费,数值,是,例:10,一般医疗服务费要,,,,,
231,CM-6-4,一般治疗操作费,数值,是,例:10,一般治疗操作费要,,,,,
232,CM-6-5,护理费,数值,是,例:10,护理费要,,,,,
233,CM-6-6,综合医疗服务类其他费用,数值,是,例:10,综合医疗服务类其他费用要≥0,,,,,
234,CM-6-7,病理诊断费,数值,是,例:10,病理诊断费要≥0,,,,,
235,CM-6-8,实验室诊断费,数值,是,例:10,实验室诊断费要≥0,,,,,
236,CM-6-9,影像学诊断费,数值,是,例:10,影像学诊断费要≥0,,,,,
237,CM-6-10,临床诊断项目费,数值,是,例:10,临床诊断项目费要≥0,,,,,
238,CM-6-11,非手术治疗项目费,数值,是,例:10,非手术治疗项目费要≥0,,,,,
239,CM-6-12,其中：临床物理治疗费,数值,是,例:10,临床物理治疗费要≥0,,,,,
240,CM-6-13,手术治疗费,数值,是,例:10,手术治疗费要≥0,,,,,
241,CM-6-14,其中：麻醉费,数值,是,例:10,麻醉费要≥0,,,,,
242,CM-6-15,其中：手术费,数值,是,例:10,手术费要≥0,,,,,
243,CM-6-16,康复费,数值,是,例:10,康复费要≥0,,,,,
244,CM-6-17,中医治疗费,数值,是,例:10,中医治疗费要≥0,,,,,
245,CM-6-18,西药费,数值,是,例:10,西药费要≥0,,,,,
246,CM-6-19,其中：抗菌药物费,数值,是,例:10,抗菌药物费要≥0,,,,,
247,CM-6-20,中成药费,数值,是,例:10,中成药费要≥0,,,,,
248,CM-6-21,中草药费,数值,是,例:10,中草药费要≥0,,,,,
249,CM-6-22,血费,数值,是,例:10,血费要≥0,,,,,
250,CM-6-23,白蛋白类制品费,数值,是,例:10,白蛋白类制品费要≥0,,,,,
251,CM-6-24,球蛋白类制品费,数值,是,例:10,球蛋白类制品费要≥0,,,,,
252,CM-6-25,凝血因子类制品费,数值,是,例:10,凝血因子类制品费要≥0,,,,,
253,CM-6-26,细胞因子类制品费,数值,是,例:10,细胞因子类制品费要≥0,,,,,
254,CM-6-27,检查用一次性医用材料费,数值,是,例:10,检查用一次性医用材料费要≥0,,,,,
255,CM-6-28,治疗用一次性医用材料费,数值,是,例:10,治疗用一次性医用材料费要≥0,,,,,
256,CM-6-29,手术用一次性医用材料费,数值,是,例:10,手术用一次性医用材料费要≥0,,,,,
,CM-6-30,其他费,数值,是,例:10,其他费要≥0,,,,,