表代号,表名,选择字母,内容,
CM_0_1_3_1,CM-0-1-3-1,a,E10.3 胰岛素依赖型糖尿病伴有眼的并发症,
CM_0_1_3_1,CM-0-1-3-1,b,E11.3非胰岛素依赖型糖尿病伴有眼的并发症,
CM_0_1_3_1,CM-0-1-3-1,c,E14.3未特指的糖尿病伴有眼的并发症,
CM_0_1_3_1,CM-0-1-3-1,d,H33.0 视网膜脱离伴视网膜断裂,
CM_0_1_3_1,CM-0-1-3-1,e,H33.2 浆液性视网膜脱离,
CM_0_1_3_1,CM-0-1-3-1,f,H33.4 牵引性视网膜脱离,
CM_0_1_3_1,CM-0-1-3-1,g,H33.5 其他视网膜脱离,
CM_0_1_3_1,CM-0-1-3-1,h,H59.8眼和附器的其他操作后疾患,
CM_0_1_3_2,CM-0-1-3-2,UTD,无,
CM_0_1_3_2,CM-0-1-3-2,a,E10.300x053+H36.0* 1型糖尿病性牵拉性视网膜脱离,
CM_0_1_3_2,CM-0-1-3-2,b,E11.300x053+H36.0* 2型糖尿病性牵拉性视网膜脱离,
CM_0_1_3_2,CM-0-1-3-2,c,E14.300x053+H36.0* 糖尿病性牵拉性视网膜脱离,
CM_0_1_3_2,CM-0-1-3-2,d,H33.000 视网膜脱离伴视网膜断裂,
CM_0_1_3_2,CM-0-1-3-2,e,H33.000x005 巨大裂孔性视网膜脱离,
CM_0_1_3_2,CM-0-1-3-2,f,H33.000x006 脉络膜脱离型视网膜脱离,
CM_0_1_3_2,CM-0-1-3-2,g,H33.000x007 黄斑裂孔性视网膜脱离,
CM_0_1_3_2,CM-0-1-3-2,h,H33.001 孔源性视网膜脱离,
CM_0_1_3_2,CM-0-1-3-2,i,H33.002 锯齿缘离断,
CM_0_1_3_2,CM-0-1-3-2,j,H33.200 浆液性视网膜脱离,
CM_0_1_3_2,CM-0-1-3-2,k,H33.200x002 视网膜脱离,
CM_0_1_3_2,CM-0-1-3-2,l,H33.400 牵引性视网膜脱离,
CM_0_1_3_2,CM-0-1-3-2,m,H33.401 增生性玻璃体视网膜病伴视网膜脱离,
CM_0_1_3_2,CM-0-1-3-2,n,"H33.500 视网膜脱离,其他的",
CM_0_1_3_2,CM-0-1-3-2,o,H33.500x002 大泡性视网膜脱离,
CM_0_1_3_2,CM-0-1-3-2,p,H33.500x006 医源性视网膜脱离,
CM_0_1_3_2,CM-0-1-3-2,q,H33.500x008 局限性视网膜脱离,
CM_0_1_3_2,CM-0-1-3-2,r,H33.501 继发性视网膜脱离,
CM_0_1_3_2,CM-0-1-3-2,s,H33.502 陈旧性视网膜脱离,
CM_0_1_3_2,CM-0-1-3-2,t,H33.503 创伤性视网膜脱离,
CM_0_1_3_2,CM-0-1-3-2,u,H33.504 复发性视网膜脱离,
CM_0_1_3_2,CM-0-1-3-2,v,H33.505 渗出性视网膜脱离,
CM_0_1_3_2,CM-0-1-3-2,w,H33.506 原发性视网膜脱离,
CM_0_1_3_2,CM-0-1-3-2,x,H59.800x009 玻璃体切除术后视网膜脱离,
CM_0_1_3_2,CM-0-1-3-2,y,H59.800x010 视网膜脱离术后未复位,
CM_0_1_4_1,CM-0-1-4-1,1,13.19白内障的其他囊内摘 出术,
CM_0_1_4_1,CM-0-1-4-1,2,13.3 晶状体囊外摘出术，用单纯抽吸(和冲洗术)法,
CM_0_1_4_1,CM-0-1-4-1,3,13.41 白内障晶状体乳化和抽吸,
CM_0_1_4_1,CM-0-1-4-1,4,13.42白内障晶状体机械性碎裂术和抽吸，用后入路,
CM_0_1_4_1,CM-0-1-4-1,5,13.43白内障晶状体机械性碎裂术和其他抽吸,
CM_0_1_4_1,CM-0-1-4-1,6,13.59 晶状体其他囊外摘出术,
CM_0_1_4_1,CM-0-1-4-1,7,13.64 后发膜刺开术[复发性白内障],
CM_0_1_4_1,CM-0-1-4-1,8,13.65 后发膜切除术[复发性白内障],
CM_0_1_4_1,CM-0-1-4-1,9,13.69 其他白内障摘出术,
CM_0_1_4_1,CM-0-1-4-1,10,13.70 置入人工晶状体,
CM_0_1_4_1,CM-0-1-4-1,11,13.71 眼内人工晶状体置入伴白内障摘出术，一期,
CM_0_1_4_1,CM-0-1-4-1,12,13.72 眼内人工晶状体二期置入,
CM_0_1_4_1,CM-0-1-4-1,13,13.8 去除置入的晶状体,
CM_0_1_4_1,CM-0-1-4-1,14,13.90 晶状体手术,
CM_0_1_4_1,CM-0-1-4-1,15,14.29 脉络膜视网膜病损的其他破坏术,
CM_0_1_4_1,CM-0-1-4-1,16,14.31用透热疗法的视网膜裂伤修补术,
CM_0_1_4_1,CM-0-1-4-1,17,14.49其他巩膜环扎术,
CM_0_1_4_1,CM-0-1-4-1,18,14.51用透热疗法的视网膜脱离修补术,
CM_0_1_4_1,CM-0-1-4-1,19,14.52 用冷冻疗法的视网膜脱离修补术,
CM_0_1_4_1,CM-0-1-4-1,20,14.53 用氙弧光凝固法的视网膜脱离修补术,
CM_0_1_4_1,CM-0-1-4-1,21,14.54 用激光光凝固法的视网膜脱离修补术,
CM_0_1_4_1,CM-0-1-4-1,22,14.59 其他,
CM_0_1_4_1,CM-0-1-4-1,23,14.71 去除玻璃体，前入路,
CM_0_1_4_1,CM-0-1-4-1,24,14.72玻璃体的其他疗法,
CM_0_1_4_1,CM-0-1-4-1,25,14.73 经前入路的机械性玻璃体切除术,
CM_0_1_4_1,CM-0-1-4-1,26,14.74 其他机械性玻璃体切除术，后入路,
CM_0_1_4_1,CM-0-1-4-1,27,14.75注射玻璃体替代物,
CM_0_1_4_1,CM-0-1-4-1,28,14.9 视网膜、脉络膜和后房其他手术,
CM_0_1_4_2,CM-0-1-4-2,UTD,无,
CM_0_1_4_2,CM-0-1-4-2,1,13.1900x008 膜性白内障剪除术,
CM_0_1_4_2,CM-0-1-4-2,2,13.1902 白内障囊内摘除术,
CM_0_1_4_2,CM-0-1-4-2,3,13.3x00 晶状体囊外摘出术，用单纯抽吸(和冲洗术)法,
CM_0_1_4_2,CM-0-1-4-2,4,13.3x00x001 晶状体单纯抽吸囊外摘除术,
CM_0_1_4_2,CM-0-1-4-2,5,13.4100 白内障晶状体乳化和抽吸,
CM_0_1_4_2,CM-0-1-4-2,6,13.4100x001 白内障超声乳化抽吸术,
CM_0_1_4_2,CM-0-1-4-2,7,13.4101 飞秒激光白内障超声乳化抽吸术,
CM_0_1_4_2,CM-0-1-4-2,8,13.4200x001 经后路白内障切割吸出术,
CM_0_1_4_2,CM-0-1-4-2,9,13.4300 白内障晶状体机械性碎裂术和其他抽吸,
CM_0_1_4_2,CM-0-1-4-2,10,13.4300x001 白内障切割吸出术,
CM_0_1_4_2,CM-0-1-4-2,11,13.5900 晶状体其他囊外摘出术,
CM_0_1_4_2,CM-0-1-4-2,12,13.5900x001 白内障囊外摘除术,
CM_0_1_4_2,CM-0-1-4-2,13,13.6400x001 后发性白内障切开术,
CM_0_1_4_2,CM-0-1-4-2,14,13.6500 后发膜切除术[复发性白内障],
CM_0_1_4_2,CM-0-1-4-2,15,13.6500x002 后发性白内障切除术,
CM_0_1_4_2,CM-0-1-4-2,16,13.6501 晶状体前囊膜切除术,
CM_0_1_4_2,CM-0-1-4-2,17,13.6502 晶状体后囊膜切除术,
CM_0_1_4_2,CM-0-1-4-2,18,13.6901 残留晶状体皮质切除术,
CM_0_1_4_2,CM-0-1-4-2,19,13.7000 置入人工晶状体,
CM_0_1_4_2,CM-0-1-4-2,20,13.7100 眼内人工晶状体置入伴白内障摘出术，一期,
CM_0_1_4_2,CM-0-1-4-2,21,13.7100x001 白内障摘除伴人工晶体一期置入术,
CM_0_1_4_2,CM-0-1-4-2,22,13.7200 眼内人工晶状体二期置入,
CM_0_1_4_2,CM-0-1-4-2,23,13.7200x001 人工晶体二期置入术,
CM_0_1_4_2,CM-0-1-4-2,24,13.8x00 去除置入的晶状体,
CM_0_1_4_2,CM-0-1-4-2,25,13.8x00x003 人工晶体取出术,
CM_0_1_4_2,CM-0-1-4-2,26,13.9000 晶状体手术,
CM_0_1_4_2,CM-0-1-4-2,27,13.9000x004 后囊切开术,
CM_0_1_4_2,CM-0-1-4-2,28,13.9000x005 张力环缝合术,
CM_0_1_4_2,CM-0-1-4-2,29,13.9000x006 虹膜隔晶体置入术,
CM_0_1_4_2,CM-0-1-4-2,30,13.9000x007 人工晶体缝合术,
CM_0_1_4_2,CM-0-1-4-2,31,13.9000x008 人工晶体前膜切除术,
CM_0_1_4_2,CM-0-1-4-2,32,13.9001 人工晶状体复位术,
CM_0_1_4_2,CM-0-1-4-2,33,13.9002 人工晶状体悬吊术,
CM_0_1_4_2,CM-0-1-4-2,34,13.9003 晶状体囊袋张力环植入术,
CM_0_1_4_2,CM-0-1-4-2,35,14.2900x002 视网膜前膜切除术,
CM_0_1_4_2,CM-0-1-4-2,36,14.2900x004 内界膜剥离术,
CM_0_1_4_2,CM-0-1-4-2,37,14.3101 视网膜裂孔电凝术,
CM_0_1_4_2,CM-0-1-4-2,38,14.4900x001 巩膜环扎术,
CM_0_1_4_2,CM-0-1-4-2,39,14.4901 巩膜环扎术伴空气填塞,
CM_0_1_4_2,CM-0-1-4-2,40,14.4903 巩膜环扎术伴玻璃体切除术,
CM_0_1_4_2,CM-0-1-4-2,41,14.5100 用透热疗法的视网膜脱离修补术,
CM_0_1_4_2,CM-0-1-4-2,42,14.5101 视网膜脱离电凝术,
CM_0_1_4_2,CM-0-1-4-2,43,14.5200 用冷冻疗法的视网膜脱离修补术,
CM_0_1_4_2,CM-0-1-4-2,44,14.5300 用氙弧光凝固法的视网膜脱离修补术,
CM_0_1_4_2,CM-0-1-4-2,45,14.5400 用激光光凝固法的视网膜脱离修补术,
CM_0_1_4_2,CM-0-1-4-2,46,14.5900 视网膜脱离其他修补术,
CM_0_1_4_2,CM-0-1-4-2,47,14.5902 玻璃体硅油置入术，用于视网膜再附着,
CM_0_1_4_2,CM-0-1-4-2,48,14.5903 玻璃体腔注气，视网膜复位术,
CM_0_1_4_2,CM-0-1-4-2,49,14.5904 玻璃体气液交换，视网膜复位术,
CM_0_1_4_2,CM-0-1-4-2,50,14.5905 玻璃体腔重水注射术，视网膜复位术,
CM_0_1_4_2,CM-0-1-4-2,51,14.7100 去除玻璃体，前入路,
CM_0_1_4_2,CM-0-1-4-2,52,14.7201 玻璃体抽吸术,
CM_0_1_4_2,CM-0-1-4-2,53,14.7202 后入路玻璃体切割术伴替代物注入,
CM_0_1_4_2,CM-0-1-4-2,54,14.7203 后入路玻璃体切割术伴人工玻璃体置入术,
CM_0_1_4_2,CM-0-1-4-2,55,14.7300 经前入路的机械性玻璃体切除术,
CM_0_1_4_2,CM-0-1-4-2,56,14.7401 后入路玻璃体切割术,
CM_0_1_4_2,CM-0-1-4-2,57,14.7501 玻璃体硅油填充术,
CM_0_1_4_2,CM-0-1-4-2,58,14.9x00 视网膜、脉络膜和后房其他手术,
CM_0_1_4_2,CM-0-1-4-2,59,14.9x02 视网膜部分剥离术,
CM_0_1_4_2,CM-0-1-4-2,60,14.9x03 视网膜切开术,
CM_0_1_4_2,CM-0-1-4-2,61,14.9x04 脉络膜上腔放液术,
CM_0_1_4_2,CM-0-1-4-2,62,14.9x05 视网膜松解术,
CM_0_1_5,CM-0-1-5,y,是,
CM_0_1_5,CM-0-1-5,n,否,
CM_0_2_1_2,CM-0-2-1-2,M,男,
CM_0_2_1_2,CM-0-2-1-2,F,女,
CM_0_2_2_1,CM-0-2-2-1,UTD,无法确定或无记录,
CM_0_3_1,CM-0-3-1,def,请选择,
CM_0_3_1,CM-0-3-1,a,城镇职工基本医疗保险,
CM_0_3_1,CM-0-3-1,b,城镇居民基本医疗保险,
CM_0_3_1,CM-0-3-1,c,新型农村合作医疗,
CM_0_3_1,CM-0-3-1,d,贫困救助,
CM_0_3_1,CM-0-3-1,e,商业医疗保险,
CM_0_3_1,CM-0-3-1,f,公费医疗,
CM_0_3_1,CM-0-3-1,g,全自费,
CM_0_3_1,CM-0-3-1,h,其他社会保险（ 生育保险、工伤保险、农民工保险等）,
CM_0_3_1,CM-0-3-1,i,其他,
CM_0_3_2,CM-0-3-2,def,请选择,
CM_0_3_2,CM-0-3-2,a,门诊,
CM_0_3_2,CM-0-3-2,b,急诊,
CM_0_3_2,CM-0-3-2,c,其他医疗机构转入,
CM_0_3_2,CM-0-3-2,d,院内其他临床科室转入,
CM_0_3_2,CM-0-3-2,e,其他,
CM_0_3_3,CM-0-3-3,def,请选择,
CM_0_3_3,CM-0-3-3,a,救护车,
CM_0_3_3,CM-0-3-3,b,出租车,
CM_0_3_3,CM-0-3-3,c,私家车,
CM_0_3_3,CM-0-3-3,d,其他,
RD_1_1_1,RD-1-1-1,def,请选择,
RD_1_1_1,RD-1-1-1,a,患者年龄&lt;30岁,
RD_1_1_1,RD-1-1-1,b,患者年龄≥30岁,
RD_1_1_2,RD-1-1-2,a,视力下降,
RD_1_1_2,RD-1-1-2,b,视物遮挡,
RD_1_1_2,RD-1-1-2,c,视物变形,
RD_1_1_2,RD-1-1-2,d,闪光感,
RD_1_1_2,RD-1-1-2,e,漂浮物,
RD_1_1_3,RD-1-1-3,a,脱离范围,
RD_1_1_3,RD-1-1-3,b,裂孔大小,
RD_1_1_3,RD-1-1-3,c,视网膜固定皱褶,
RD_1_1_3,RD-1-1-3,d,脉络膜脱离,
RD_1_1_3,RD-1-1-3,e,玻璃体积血,
RD_1_1_4,RD-1-1-4,y,是,
RD_1_1_4,RD-1-1-4,n,否,
RD_1_1_5,RD-1-1-5,def,请选择,
RD_1_1_5,RD-1-1-5,a,轻度 玻璃体混浊，呈烟灰状或成串，下方网膜表面色素簇集,
RD_1_1_5,RD-1-1-5,b,中度网膜表面皱缩、变硬，血管扭曲，裂孔卷边或盖前牵拉,
RD_1_1_5,RD-1-1-5,c,重度网膜全层皱褶呈星状、不规则状或弥漫状，占眼底1个象限,
RD_1_1_5,RD-1-1-5,d,重度网膜全层皱褶呈星状、不规则状或弥漫状，占眼底2个象限,
RD_1_1_5,RD-1-1-5,e,重度网膜全层皱褶呈星状、不规则状或弥漫状，占眼底3个象限,
RD_1_1_5,RD-1-1-5,f,极重度赤道以后的网膜全层固定皱褶呈漏斗 状脱离，宽漏斗,
RD_1_1_5,RD-1-1-5,g,极重度赤道以后的网膜全层固定皱褶呈漏斗 状脱离，窄漏斗,
RD_1_1_5,RD-1-1-5,h,极重度赤道以后的网膜全层固定皱褶呈漏斗 状脱离，闭合漏斗,
RD_1_1_5,RD-1-1-5,i,无法查看眼底,
RD_1_1_6,RD-1-1-6,y,有,
RD_1_1_6,RD-1-1-6,n,无,
RD_1_1_8,RD-1-1-8,y,有,
RD_1_1_8,RD-1-1-8,n,无,
RD_1_1_7,RD-1-1-7,def,请选择,
RD_1_1_7,RD-1-1-7,a,玻璃体腔积血,
RD_1_1_7,RD-1-1-7,b,视网膜前出血,
RD_1_1_7,RD-1-1-7,c,视网膜层间出血,
RD_1_1_7,RD-1-1-7,d,视网膜下出血,
RD_1_2_1,RD-1-2-1,y,是,
RD_1_2_1,RD-1-2-1,n,否,
RD_1_2_2,RD-1-2-2,a,玻璃体,
RD_1_2_2,RD-1-2-2,b,视网膜,
RD_1_2_2,RD-1-2-2,c,视盘,
RD_1_2_2,RD-1-2-2,d,视神经,
RD_1_2_2,RD-1-2-2,e,黄斑部,
RD_1_2_2,RD-1-2-2,f,脉络膜,
RD_1_2_2,RD-1-2-2,g,巩膜,
RD_1_2_2,RD-1-2-2,h,视网膜脱离裂孔,
RD_1_2_3,RD-1-2-3,a,带状高回声隆起,
RD_1_2_3,RD-1-2-3,b,玻璃体腔点团状回声,
RD_1_2_3,RD-1-2-3,c,球壁内侧面强回声隆起性病灶,
RD_1_2_3,RD-1-2-3,d,视盘/黄斑区异常回声,
RD_1_2_4,RD-1-2-4,a,渗出性视网膜脱离,
RD_1_2_4,RD-1-2-4,b,牵拉性视网膜脱离,
RD_1_2_4,RD-1-2-4,c,孔源性视网膜脱离,
RD_1_2_4,RD-1-2-4,d,脉络膜脱离性视网膜脱离,
RD_1_2_4,RD-1-2-4,e,出血性视网膜脱离,
RD_2_1_1,RD-2-1-1,UTD,不确定,
RD_2_1_1,RD-2-1-1,y,是,
RD_2_1_1,RD-2-1-1,n,否,
RD_2_1_2,RD-2-1-2,def,请选择,
RD_2_1_2,RD-2-1-2,a,初次手术不规范,
RD_2_1_2,RD-2-1-2,b,视网膜脱离再发,
RD_2_1_2,RD-2-1-2,UTD,"无法确定,或者无记录",
RD_2_2_1,RD-2-2-1,def,请选择,
RD_2_2_1,RD-2-2-1,a,视网膜激光光凝治疗无效,
RD_2_2_1,RD-2-2-1,b,孔源性视网膜脱离,
RD_2_2_1,RD-2-2-1,c,渗出性视网膜脱离,
RD_2_2_1,RD-2-2-1,d,牵拉性视网膜脱离,
RD_2_2_1,RD-2-2-1,e,脉络膜脱离性视网膜脱离,
RD_2_2_1,RD-2-2-1,oth,其他,
RD_2_2_2,RD-2-2-2,def,请选择,
RD_2_2_2,RD-2-2-2,a,后入路玻璃体切割术伴替代物注入,
RD_2_2_2,RD-2-2-2,b,巩膜环扎术,
RD_2_2_2,RD-2-2-2,c,巩膜环扎伴玻璃体切除术,
RD_2_2_2,RD-2-2-2,oth,其他,
RD_2_2_2,RD-2-2-2,UTD,"无法确定,或者无记录",
RD_2_2_3,RD-2-2-3,def,请选择,
RD_2_2_3,RD-2-2-3,a,硅油,
RD_2_2_3,RD-2-2-3,b,灭菌空气,
RD_2_2_3,RD-2-2-3,c,膨胀气体,
RD_2_2_3,RD-2-2-3,d,人工玻璃体,
RD_2_2_3,RD-2-2-3,oth,其他,
CM_1_1_1,CM-1-1-1,y,是,
CM_1_1_1,CM-1-1-1,n,否,
CM_1_1_1,CM-1-1-1,x,治疗性使用抗菌药物,
RD_3_1_2,RD-3-1-2,a,眼局部,
RD_3_1_2,RD-3-1-2,b,口服,
RD_3_1_2,RD-3-1-2,c,静脉,
RD_3_1_2,RD-3-1-2,d,联合,
CM_1_2_1_2,CM-1-2-1-2,a,青霉素类,
CM_1_2_1_2,CM-1-2-1-2,b,多西环素,
CM_1_2_1_2,CM-1-2-1-2,c,大环内酯类,
CM_1_2_1_2,CM-1-2-1-2,d,第一代或第二代头孢菌素,
CM_1_2_1_2,CM-1-2-1-2,e,喹诺酮类,
CM_1_2_1_2,CM-1-2-1-2,f,β-内酰胺类/β-内酰胺酶抑制剂,
CM_1_2_1_2,CM-1-2-1-2,g,碳青霉烯类及替加环素等特殊使用级抗菌药物,
CM_1_2_1_2,CM-1-2-1-2,oth,其他,
CM_1_2_2_2,CM-1-2-2-2,a,替加环素,
CM_1_2_2_2,CM-1-2-2-2,b,亚胺培南西司他丁钠,
CM_1_2_2_2,CM-1-2-2-2,c,美罗培南,
CM_1_2_2_2,CM-1-2-2-2,d,厄他培南,
CM_1_2_2_2,CM-1-2-2-2,e,比阿培南,
CM_1_2_2_2,CM-1-2-2-2,f,万古霉素,
CM_1_2_2_2,CM-1-2-2-2,g,去甲万古霉素,
CM_1_2_2_2,CM-1-2-2-2,oth,其他特殊使用级抗菌药物,
CM_1_3_1_2,CM-1-3-1-2,a,临床医师认为有使用规范内的抗菌药物治疗的禁忌症者,
CM_1_3_1_2,CM-1-3-1-2,b,甲氧西林葡萄球菌发生率高的医疗机构，可选用去甲万古霉素预防感染,
CM_1_3_1_2,CM-1-3-1-2,c,临床主任医师下达医嘱，认为有使用《特殊使用级抗菌药物》的指征,
CM_1_3_1_2,CM-1-3-1-2,oth,其他因素,
CM_1_3_1_2,CM-1-3-1-2,UTD,无法确定或无记录,
CM_1_5_1,CM-1-5-1,y,是,
CM_1_5_1,CM-1-5-1,n,否,
CM_1_5_2,CM-1-5-2,y,是,
CM_1_5_2,CM-1-5-2,n,否,
CM_1_5_3,CM-1-5-3,y,是,
CM_1_5_3,CM-1-5-3,n,否,
CM_1_5_4,CM-1-5-4,y,是,
CM_1_5_4,CM-1-5-4,n,否,
CM_1_6_2,CM-1-6-2,def,请选择,
CM_1_6_2,CM-1-6-2,a,术后24小时内结束使用,
CM_1_6_2,CM-1-6-2,b,术后48小时内结束使用,
CM_1_6_2,CM-1-6-2,c,术后72小时内结束使用,
CM_1_6_2,CM-1-6-2,d,术后72小时之后继续使用,
CM_1_6_3_2,CM-1-6-3-2,a,在主要或次要诊断中术前有感染或具备潜在高危感染因素的患者,
CM_1_6_3_2,CM-1-6-3-2,b,术前24小时-48小时内接受抗菌药物治疗的患者，术后仍需继续使用,
CM_1_6_3_2,CM-1-6-3-2,c,在手术两天后，被确诊为感染者并行治疗的患者,
CM_1_6_3_2,CM-1-6-3-2,d,临床医师认为有继续使用抗菌药物治疗的适应症的患者，并经上级医师认定,
CM_1_6_3_2,CM-1-6-3-2,UTD,无法确定或无记录,
RD_4_1_1,RD-4-1-1,y,是,
RD_4_1_1,RD-4-1-1,n,否,
RD_4_1_2,RD-4-1-2,a,爆发性脉络膜上腔出血,
RD_4_1_2,RD-4-1-2,b,医源性视网膜裂孔,
RD_4_1_2,RD-4-1-2,c,玻璃体出血,
RD_4_1_2,RD-4-1-2,d,视神经损伤,
RD_4_1_2,RD-4-1-2,e,视网膜血管损伤,
RD_4_1_2,RD-4-1-2,f,黄斑损伤,
RD_4_1_2,RD-4-1-2,g,晶状体损伤,
RD_4_1_2,RD-4-1-2,h,角膜损伤,
RD_4_1_2,RD-4-1-2,i,眼外肌损伤,
RD_4_1_2,RD-4-1-2,j,缝穿巩膜,
RD_4_1_2,RD-4-1-2,k,视网膜嵌顿,
RD_4_1_2,RD-4-1-2,l,光感消失,
RD_4_1_2,RD-4-1-2,oth,其他,
RD_4_1_2,RD-4-1-2,UTD,无法确定或无记录,
RD_4_2_1,RD-4-2-1,def,请选择,
RD_4_2_1,RD-4-2-1,a,无需特殊处理，随访观察,
RD_4_2_1,RD-4-2-1,b,进行对症处理，对预期手术效果无显著影响,
RD_4_2_1,RD-4-2-1,c,进行对症处理，对预期手术效果产生一定影响（如眼压失控、视力下降等）,
RD_4_2_1,RD-4-2-1,d,需其他专科会诊治疗，或需转科继续治疗,
RD_4_2_2,RD-4-2-2,def,请选择,
RD_4_2_2,RD-4-2-2,a,按时出院,
RD_4_2_2,RD-4-2-2,b,延迟出院,
RD_4_2_2,RD-4-2-2,c,转科继续治疗,
RD_5_1_1,RD-5-1-1,UTD,不确定,
RD_5_1_1,RD-5-1-1,y,是,
RD_5_1_1,RD-5-1-1,n,否,
RD_5_1_2,RD-5-1-2,def,请选择,
RD_5_1_2,RD-5-1-2,a,视网膜完全复位,
RD_5_1_2,RD-5-1-2,b,视网膜部分复位,
RD_5_1_2,RD-5-1-2,c,玻璃体混浊,
RD_5_1_2,RD-5-1-2,d,网膜前出血,
RD_5_1_2,RD-5-1-2,e,网膜下出血,
RD_5_2_1,RD-5-2-1,UTD,不确定,
RD_5_2_1,RD-5-2-1,y,是,
RD_5_2_1,RD-5-2-1,n,否,
RD_5_2_2,RD-5-2-2,def,请选择,
RD_5_2_2,RD-5-2-2,a,黄斑区组织结构正常,
RD_5_2_2,RD-5-2-2,b,黄斑水肿,
RD_5_2_2,RD-5-2-2,c,黄斑萎缩变薄,
RD_5_2_2,RD-5-2-2,d,黄斑裂孔,
RD_5_2_2,RD-5-2-2,e,黄斑前膜,
RD_5_2_2,RD-5-2-2,f,黄斑区网膜下积液,
CM_2_1,CM-2-1,y,是,
CM_2_1,CM-2-1,n,否,
CM_2_2,CM-2-2,a,手术并发症(O04.5，T81.1，T81.2，T81.3，T81.7，T81.8),
CM_2_2,CM-2-2,b,手术患者手术后肺栓塞(I26.9，O04.2，O07.2，O88.2),
CM_2_2,CM-2-2,c,手术患者手术后深静脉血栓(I80.2，I82.8，O22.3，O87.1),
CM_2_2,CM-2-2,d,手术患者手术后败血症(T81.4),
CM_2_2,CM-2-2,e,手术患者手术后出血或血肿(O04.1，O04.6，O04.8，O07.1，O07.6，T81.0),
CM_2_2,CM-2-2,f,手术患者手术伤口裂开(T81.3),
CM_2_2,CM-2-2,g,手术患者猝死（手术后24小时内死亡）(R96.0，R96.1),
CM_2_2,CM-2-2,h,手术患者手术后呼吸道并发症(J95.0至J95.9，J96.0，J96.9),
CM_2_2,CM-2-2,i,手术患者手术后生理/代谢紊乱(E86.x0，E87.0至E87.8，E88.8，E88.9，E89.0至E89.9),
CM_2_2,CM-2-2,j,与手术/操作相关感染(O04.0，O07.0，T81.4),
CM_2_2,CM-2-2,k,手术过程中异物遗留(T81.5),
CM_2_2,CM-2-2,l,麻醉并发症(T88.2，T88.3，T88.4，T88.5),
CM_2_2,CM-2-2,m,输注、输血反应(T80.0至T80.9),
CM_2_3_1,CM-2-3-1,def,请选择,
CM_2_3_1,CM-2-3-1,a,"O04.5医疗性流产,完全性或未特指,并发生殖道和盆腔感染",
CM_2_3_1,CM-2-3-1,b,"T81.1在操作中发生或由于操作造成的休克,不可归类在他处者",
CM_2_3_1,CM-2-3-1,c,"T81.2在操作中意外的穿刺和撕裂,不可归类在他处者",
CM_2_3_1,CM-2-3-1,d,"T81.7操作后的血管并发症,不可归类在他处者",
CM_2_3_1,CM-2-3-1,e,"T81.8操作的其他并发症,不可归类在他处者",
CM_2_3_2,CM-2-3-2,def,请选择,
CM_2_3_2,CM-2-3-2,a,I26.9肺栓塞未提及急性肺源性心脏病,
CM_2_3_2,CM-2-3-2,b,"O04.2医疗性流产,不完全性,并发栓塞",
CM_2_3_2,CM-2-3-2,c,"O07.2医疗性流产失败,并发栓塞",
CM_2_3_2,CM-2-3-2,d,O88.2产科血凝块栓塞,
CM_2_3_3,CM-2-3-3,def,请选择,
CM_2_3_3,CM-2-3-3,a,I80.2下肢其他深部脉管的静脉炎和血栓性静脉炎,
CM_2_3_3,CM-2-3-3,b,I82.8其他特指的静脉栓塞和血栓形成,
CM_2_3_3,CM-2-3-3,c,O22.3妊娠期深静脉血栓形成,
CM_2_3_3,CM-2-3-3,d,O87.1产褥期深静脉血栓形成,
CM_2_3_4,CM-2-3-4,def,请选择,
CM_2_3_4,CM-2-3-4,a,"T81.4操作后的感染,不可归类在他处者",
CM_2_3_5,CM-2-3-5,def,请选择,
CM_2_3_5,CM-2-3-5,a,"O04.1医疗性流产,不完全性,并发延迟或过度出血",
CM_2_3_5,CM-2-3-5,b,"O04.6医疗性流产,完全性或未特指,并发延迟或过度出血",
CM_2_3_5,CM-2-3-5,c,"O04.8医疗性流产,完全性或未特指,伴有其他和未特指的并发症",
CM_2_3_5,CM-2-3-5,d,"O07.1医疗性流产失败,并发延迟或过度出血",
CM_2_3_5,CM-2-3-5,e,"O07.6其他和未特指的企图流产失败,并发延迟或过度出血",
CM_2_3_5,CM-2-3-5,f,"T81.0并发于操作的出血和血肿,不可归类在他处者",
CM_2_3_6,CM-2-3-6,def,请选择,
CM_2_3_6,CM-2-3-6,a,"T81.3手术伤口破裂,不可归类在他处者",
CM_2_3_7,CM-2-3-7,def,请选择,
CM_2_3_7,CM-2-3-7,a,R96.0瞬间死亡,
CM_2_3_7,CM-2-3-7,b,"R96.1死亡发生于症状起始后24小时以内,另无解释",
CM_2_3_8,CM-2-3-8,def,请选择,
CM_2_3_8,CM-2-3-8,a,J95.0气管造口术功能不全,
CM_2_3_8,CM-2-3-8,b,J95.1胸腔手术后的急性肺功能不全,
CM_2_3_8,CM-2-3-8,c,J95.2非胸腔手术后的急性肺功能不全,
CM_2_3_8,CM-2-3-8,d,J95.3手术后慢性肺功能不全,
CM_2_3_8,CM-2-3-8,e,J95.4门德尔松综合征,
CM_2_3_8,CM-2-3-8,f,J95.5操作后的声门下狭窄,
CM_2_3_8,CM-2-3-8,g,J95.8其他操作后的呼吸性疾患,
CM_2_3_8,CM-2-3-8,h,J95.9未特指的操作后的呼吸性疾患,
CM_2_3_8,CM-2-3-8,i,J96.0急性呼吸衰竭,
CM_2_3_8,CM-2-3-8,j,J96.9未特指的呼吸衰竭,
CM_2_3_9,CM-2-3-9,def,请选择,
CM_2_3_9,CM-2-3-9,a,E86.x0血容量缺失,
CM_2_3_9,CM-2-3-9,b,E87.0高渗透性和高钠血症,
CM_2_3_9,CM-2-3-9,c,E87.1低渗透性和低钠血症,
CM_2_3_9,CM-2-3-9,d,E87.2酸中毒,
CM_2_3_9,CM-2-3-9,e,E87.3碱中毒,
CM_2_3_9,CM-2-3-9,f,E87.4混合性酸碱平衡失调,
CM_2_3_9,CM-2-3-9,g,E87.5高钾血症,
CM_2_3_9,CM-2-3-9,h,E87.6低钾血症,
CM_2_3_9,CM-2-3-9,i,E87.7体液过多,
CM_2_3_9,CM-2-3-9,j,"E87.8电解质和液体平衡的其他紊乱,不可归类在他处者",
CM_2_3_9,CM-2-3-9,k,E88.8其他特指的代谢紊乱,
CM_2_3_9,CM-2-3-9,l,E88.9未特指的代谢紊乱,
CM_2_3_9,CM-2-3-9,m,E89.0操作后甲状腺功能减退症,
CM_2_3_9,CM-2-3-9,n,E89.1操作后血内胰岛素不足,
CM_2_3_9,CM-2-3-9,o,E89.2操作后甲状旁腺功能减退症,
CM_2_3_9,CM-2-3-9,p,E89.3操作后垂体功能减退症,
CM_2_3_9,CM-2-3-9,q,E89.4操作后卵巢功能衰竭,
CM_2_3_9,CM-2-3-9,r,E89.5操作后睾丸功能减退,
CM_2_3_9,CM-2-3-9,s,E89.6操作后肾上腺皮质(髓质)功能减退,
CM_2_3_9,CM-2-3-9,t,E89.8其他操作后内分泌和代谢紊乱,
CM_2_3_9,CM-2-3-9,u,E89.9未特指的操作后内分泌和代谢紊乱,
CM_2_3_10,CM-2-3-10,def,请选择,
CM_2_3_10,CM-2-3-10,a,"O04.0医疗性流产,不完全性,并发生殖道和盆腔感染",
CM_2_3_10,CM-2-3-10,b,"O07.0医疗性流产失败,并发生殖道和盆腔",
CM_2_3_10,CM-2-3-10,c,"T81.4操作后的感染,不可归类在他处者",
CM_2_3_11,CM-2-3-11,def,请选择,
CM_2_3_11,CM-2-3-11,a,T81.5操作后意外遗留于体腔或手术伤口中的异物,
CM_2_3_11,CM-2-3-11,b,T81.6在操作中对意外遗留异物的急性反应,
CM_2_3_12,CM-2-3-12,def,请选择,
CM_2_3_12,CM-2-3-12,a,T88.2麻醉引起的休克,
CM_2_3_12,CM-2-3-12,b,T88.3麻醉引起的恶性高热,
CM_2_3_12,CM-2-3-12,c,T88.4插管失败或困难,
CM_2_3_12,CM-2-3-12,d,T88.5麻醉的其他并发症,
CM_2_3_12,CM-2-3-12,e,T80.0输注、输血和治疗性注射后的空气栓塞,
CM_2_3_13,CM-2-3-13,def,请选择,
CM_2_3_13,CM-2-3-13,a,T80.1输注、输血和治疗性注射后的血管并发症,
CM_2_3_13,CM-2-3-13,b,T80.2输注、输血和治疗性注射后的感染,
CM_2_3_13,CM-2-3-13,c,T80.3ABO血型不配合性反应,
CM_2_3_13,CM-2-3-13,d,T80.4Rh不配合性反应,
CM_2_3_13,CM-2-3-13,e,T80.5血清引起的过敏性休克,
CM_2_3_13,CM-2-3-13,f,T80.6其他血清反应,
CM_2_3_13,CM-2-3-13,g,T80.8输注、输血和治疗性注射后的其他并发症,
CM_2_3_13,CM-2-3-13,h,T80.9输注、输血和治疗性注射后未特指的并发症,
RD_6_1_3,RD-6-1-3,a,增生性玻璃体视网膜病伴脱离,
RD_6_1_3,RD-6-1-3,b,复发性视网膜脱离,
RD_6_1_3,RD-6-1-3,c,玻璃体积血,
RD_6_1_3,RD-6-1-3,d,高眼压,
RD_6_1_3,RD-6-1-3,e,低眼压和眼球萎缩,
RD_6_1_3,RD-6-1-3,f,继发性黄斑裂孔,
RD_6_1_3,RD-6-1-3,g,视野缺损,
RD_6_1_3,RD-6-1-3,h,视神经萎缩,
RD_6_1_3,RD-6-1-3,i,白内障,
RD_6_1_3,RD-6-1-3,j,眼内炎,
RD_6_1_3,RD-6-1-3,k,迟发性玻璃体出血,
RD_6_1_3,RD-6-1-3,l,脉络膜脱离,
RD_6_1_3,RD-6-1-3,m,继发性青光眼,
RD_6_1_3,RD-6-1-3,n,虹膜红变,
RD_6_1_3,RD-6-1-3,o,黄斑水肿,
RD_6_1_3,RD-6-1-3,p,黄斑皱褶,
RD_6_1_3,RD-6-1-3,q,硅胶侵蚀,
RD_6_1_3,RD-6-1-3,r,硅胶块脱出,
RD_6_1_3,RD-6-1-3,s,硅胶块感染,
RD_6_1_3,RD-6-1-3,t,交感性眼炎,
RD_6_1_3,RD-6-1-3,u,屈光改变,
RD_6_1_3,RD-6-1-3,oth,其他,
RD_6_1_3,RD-6-1-3,UTD,无法确定或无记录,
CM_2_4,CM-2-4,def,请选择,
CM_2_4,CM-2-4,a,按时出院,
CM_2_4,CM-2-4,b,延迟出院,
CM_2_4,CM-2-4,c,转科继续治疗,
CM_2_4,CM-2-4,d,死亡,
RD_7_1_1,RD-7-1-1,y,是,
RD_7_1_1,RD-7-1-1,n,否,
CM_7_1_1,CM-7-1-1,a,手术前的心理护理，视网膜脱离患者心理压力大,
CM_7_1_1,CM-7-1-1,b,"手术前卧位的护理，患者卧床休息,尽量避免活动，根据裂孔位置，采取不同的体位，原则是使视网膜裂孔处于最低位",
CM_7_1_1,CM-7-1-1,c,术前常规准备，手术前一日做好患者卫生处置,
CM_7_1_1,CM-7-1-1,d,手术当日做好手术眼的常规消毒，冲洗泪道、剪睫毛等。术前用药：复方托品酰胺或阿托品点眼充分散瞳、抗生素点眼,
CM_7_1_1,CM-7-1-1,e,术前其它指导 嘱患者保持大便通畅，防止因排便困难、用力而引起视网膜脱离加重,
CM_7_1_1,CM-7-1-1,UTD,无法确定或无记录,
RD_7_1_3,RD-7-1-3,y,是,
RD_7_1_3,RD-7-1-3,n,否,
CM_7_1_2,CM-7-1-2,a,术后体位指导，术后体位以裂孔处于最高位为原则，利于气体顶压裂孔及脱离的视网膜，使之贴伏。术后绝对卧床休息，双眼加压包扎,
CM_7_1_2,CM-7-1-2,b,术后绝对卧床休息，双眼加压包扎。头部避免震动，禁止有震动性的突发动作，如打喷嚏、咳嗽、大声说话,
CM_7_1_2,CM-7-1-2,c,术后饮食护理，术后2-3日给予半流质饮食，3日后进食普通饮食。禁食刺激性食物，戒烟酒，予以清淡易消化饮食。糖尿病病人应严格坚持糖尿病饮食,
CM_7_1_2,CM-7-1-2,d,"观察术眼敷料是否整洁,有无渗血、渗液 眼科患者由于手术刺激术后多流泪，泪水可冲出结膜出血，引起患者不必要的惊慌，应向患者解释清楚，及时更换敷料",
CM_7_1_2,CM-7-1-2,e,"若病人诉伤口疼痛,评估疼痛的程度 酌情给予安慰，分散其注意力，必要时给予止痛剂或镇痛泵",
CM_7_1_2,CM-7-1-2,f,若伤口持续剧烈疼痛，超过术后24h，应考虑有无并发青光眼或眼内炎,
CM_7_1_2,CM-7-1-2,UTD,无法确定或无记录,
CM_7_2_1,CM-7-2-1,a,交与患者“出院小结”的副本，并在出院时由医护人员告知患者出院时风险因素(住院病历既往史)评估情况,
CM_7_2_1,CM-7-2-1,b,将出院医嘱及告知内容按规范的要求，通过短信或其他安全的方式发送至患者留置的信息平台,
CM_7_2_1,CM-7-2-1,c,出现一个月内应多卧床休息，避免头部震动及激烈活动,
CM_7_2_1,CM-7-2-1,d,六个月内避免重体力劳动，防止视网膜再次脱落,
CM_7_2_1,CM-7-2-1,UTD,无法确定或无记录,
CM_7_2_2,CM-7-2-2,a,出院时由医护人员向患者再面授出院带药，使用要求应逐项交待告知,
CM_7_2_2,CM-7-2-2,b,出院时若患者认知障碍（如反应迟钝，迷糊）时则向其他亲属做出院带药及使用要求告知,
CM_7_2_2,CM-7-2-2,c,用药指导：出院口服药及眼科用药请您遵照医嘱及用药说明按时服用，按时点眼，切勿自行停药或调整用药量,
CM_7_2_2,CM-7-2-2,d,"含有激素的眼药或激素口服药不宜长期使用，医生将在复诊时根据您的眼部情况针对您的用药进行适当调整,切勿自行停药或调整用药量",
CM_7_2_2,CM-7-2-2,e,内科疾病用药请您继续遵内科医嘱用药，如有不适请及时就医,
CM_7_2_2,CM-7-2-2,f,特殊用药的保管以及使用期限,
CM_7_2_2,CM-7-2-2,UTD,无法确定或无记录,
CM_7_2_4,CM-7-2-4,a,主管医生告知复诊就诊流程,
CM_7_2_4,CM-7-2-4,b,告知病区联系电话，有任何不适可联系病区医护,
CM_7_2_4,CM-7-2-4,c,注意用眼卫生，不要过渡用眼、揉眼，避免眼睛过度疲艿,
CM_7_2_4,CM-7-2-4,d,三个月内不要过度看书看电视,
CM_7_2_4,CM-7-2-4,UTD,无法确定或无记录,
CM_7_2_5,CM-7-2-5,a,护士当面告知并对患者掌握情况进行评估,
CM_7_2_5,CM-7-2-5,b,交与患者出院教育纸制处方,
CM_7_2_5,CM-7-2-5,c,出院患者一般一周内回院复查一次,
CM_7_2_5,CM-7-2-5,d,6六月内避免体力劳动,
CM_7_2_5,CM-7-2-5,UTD,无法确定或无记录,
CM_7_2_3,CM-7-2-3,a,出院时由医护人员向患者面授可能存在的风险因素和紧急情况寻求帮助的路径,
CM_7_2_3,CM-7-2-3,b,告知患者有任何无法确定的风险和紧急情况可联系病区24小时电话,
CM_7_2_3,CM-7-2-3,c,出院后，如再次出现眼前闪光视物变形等现象，应及时到医院就诊,
CM_7_2_3,CM-7-2-3,UTD,无法确定或无记录,
CM_4_3,CM-4-3,def,请选择,
CM_4_3,CM-4-3,a,医嘱离院,
CM_4_3,CM-4-3,b,医嘱转院,
CM_4_3,CM-4-3,c,医嘱转社区卫生服务机构/乡镇卫生院,
CM_4_3,CM-4-3,d,非医嘱离院,
CM_4_3,CM-4-3,e,死亡,
CM_4_3,CM-4-3,oth,其他方式离院,
CM_4_5,CM-4-5,a,经济原因,
CM_4_5,CM-4-5,b,医疗保险付费方式原因,
CM_4_5,CM-4-5,c,患者/家人要求原因,
CM_4_5,CM-4-5,d,医院技术原因,
CM_4_5,CM-4-5,e,医院环境原因,
CM_4_5,CM-4-5,f,媒体资讯原因,
CM_4_5,CM-4-5,oth,其他,
CM_4_5,CM-4-5,UTD,无法确定或无记录,
CM_4_6,CM-4-6,def,请选择,
CM_4_6,CM-4-6,a,死亡与RD有直接关系,
CM_4_6,CM-4-6,b,死亡与RD有间接关系,
CM_4_6,CM-4-6,c,死亡与RD无关，即死于不相关的疾病，如癌症或其他意外,
CM_4_6,CM-4-6,UTD,无法确定或无记录,
CM_5_1,CM-5-1,y,是,
CM_5_1,CM-5-1,n,否,
CM_5_2_1,CM-5-2-1,def,请选择,
CM_5_2_1,CM-5-2-1,a,患者给医院整体评分9或10分,
CM_5_2_1,CM-5-2-1,b,患者给医院整体评分7或8分,
CM_5_2_1,CM-5-2-1,c,患者给医院整体评分6分及以下,
CM_5_2_2,CM-5-2-2,def,请选择,
CM_5_2_2,CM-5-2-2,a,说是的患者，他们肯定会给家人和朋友推荐这家医院,
CM_5_2_2,CM-5-2-2,b,说是的患者，他们可能会给家人和朋友推荐这家医院,
CM_5_2_2,CM-5-2-2,c,说不的患者，他们可能或肯定不会给家人和朋友推荐这家医院,
CM_5_2_3,CM-5-2-3,def,请选择,
CM_5_2_3,CM-5-2-3,a,患者说他们的房间和浴室“总是”干净,
CM_5_2_3,CM-5-2-3,b,患者说他们的房间和浴室“经常”干净,
CM_5_2_3,CM-5-2-3,c,患者说他们的房间和浴室“有时”或“从不”干净,
CM_5_2_5,CM-5-2-5,def,请选择,
CM_5_2_5,CM-5-2-5,a,患者说他们房间周边在晚上“总是”安静,
CM_5_2_5,CM-5-2-5,b,患者说他们房间周边在晚上“经常”安静,
CM_5_2_5,CM-5-2-5,c,患者说他们房间周边在晚上“有时”或“从不”安静,
CM_5_2_6,CM-5-2-6,def,请选择,
CM_5_2_6,CM-5-2-6,a,患者说他们的医生“总是”很好沟通,
CM_5_2_6,CM-5-2-6,b,患者说他们的医生“经常”很好沟通,
CM_5_2_6,CM-5-2-6,c,患者说他们的医生“有时”或“从不”很好沟通,
CM_5_2_7,CM-5-2-7,def,请选择,
CM_5_2_7,CM-5-2-7,a,患者说他们的护士“总是”很好沟通,
CM_5_2_7,CM-5-2-7,b,患者说他们的护士“经常”很好沟通,
CM_5_2_7,CM-5-2-7,c,患者说他们的护士“有时”或“从不”很好沟通,
CM_5_2_8,CM-5-2-8,def,请选择,
CM_5_2_8,CM-5-2-8,a,患者说医院员工在给药前“总是”进行药品说明,
CM_5_2_8,CM-5-2-8,b,患者说医院员工在给药前“经常”进行药品说明,
CM_5_2_8,CM-5-2-8,c,患者说医院员工在给药前“有时”或“从不”进行药品说明,
CM_5_2_9,CM-5-2-9,def,请选择,
CM_5_2_9,CM-5-2-9,a,患者说医生护士已经提供了出院后在家康复期间应该做什么的信息,
CM_5_2_9,CM-5-2-9,b,患者说医生护士说了出院后要在家做康复，但没有理解应该具体如何做,
CM_5_2_9,CM-5-2-9,c,患者说医生护士没有提供出院后在家康复期间应该做什么的信息,
CM_5_2_10,CM-5-2-10,def,请选择,
CM_5_2_10,CM-5-2-10,a,患者强烈同意医生护士在离院时理解了他们的知情告知,
CM_5_2_10,CM-5-2-10,b,患者同意医生护士在离院时理解了他们的知情告知,
CM_5_2_10,CM-5-2-10,c,患者在离院时不理解医生护士的知情告知,
CM_5_2_11,CM-5-2-11,def,请选择,
CM_5_2_11,CM-5-2-11,a,患者给医院膳食评分9或10分,
CM_5_2_11,CM-5-2-11,b,患者给医院膳食评分7或8分,
CM_5_2_11,CM-5-2-11,c,患者给医院膳食评分6分及以下,