序号,字段名称,数据采集项,数据类型,上传时不能为空,举例,备注,序号,序号,,,,,,,,
0,,,,,,,,,,,,,,,,
1,CM-0-1-1-1,质控医师,字符串,是,"例:""填写文字说明""",不能超过50个文字说明;,只允许填写中文汉字、字母、数字,,,,,,,,,
2,CM-0-1-1-2,质控护士,字符串,是,"例:""填写文字说明""",不能超过50个文字说明;,只允许填写中文汉字、字母、数字,,,,,,,,,
3,CM-0-1-1-3,主治医师,字符串,是,"例:""填写文字说明""",不能超过50个文字说明;,只允许填写中文汉字、字母、数字,,,,,,,,,
4,CM-0-1-1-4,责任护士,字符串,是,"例:""填写文字说明""",不能超过50个文字说明;,只允许填写中文汉字、字母、数字,,,,,,,,,
5,CM-0-1-1-5,上报科室,字符串,是,"例:""填写文字说明""",不能超过50个文字说明;,只允许填写中文汉字、字母、数字,,,,,,,,,
6,caseId,患者病案号,字符串,是,"例:""填写文字说明""",,,,,,,,,,,
7,IDCard,患者身份证号,字符串,是,"例:""填写文字说明""",身份证号不正确,,,,,,,,,,
8,CM-0-1-3-1,主要诊断ICD-10四位亚目编码与名称,字符串,是,"例:""a""",见,CM-0-1-3-1选择代码表,,,,,,,,,
9,CM-0-1-3-2,主要诊断ICD-10六位临床扩展编码与名称,字符串,是,"例:""UTD""",见,CM-0-1-3-2选择代码表,,,,,,,,,
10,CM-0-1-4-1,主要手术操作栏中提取ICD-9-CM-3四位亚目编码与名称,字符串,否,"例:""a""",若该字段无相应取值，则接口中不必提交该字段,见,CM-0-1-4-1选择代码表,,,,,,,,
11,CM-0-1-4-2,主要手术操作栏中提取ICD-9-CM-3六位临床扩展编码与名称,字符串,否,"例:""UTD""",若该字段无相应取值，则接口中不必提交该字段,见,CM-0-1-4-2选择代码表,,,,,,,,
12,CM-0-1-5,是否为出院后31天内非计划重复住院,字符串,是,"例:""y""",见,CM-0-1-5选择代码表,,,,,,,,,
13,CM-0-2-1-1,出生日期,字符串,是,"例:""1970-01-01""",,,,,,,,,,,
14,CM-0-2-1-2,患者性别,字符串,是,"例:""M""",见,CM-0-2-1-2选择代码表,,,,,,,,,
15,CM-0-2-1-3,患者体重（kg）,数值,是,例:10,患者体重应大于等于0,,,,,,,,,,
16,CM-0-2-1-5,患者身高（cm）,数值,是,例:10,患者身高应大于等于0,,,,,,,,,,
17,CM-0-2-2-1,发病日期时间是否无法确定或无记录,数组,否,"例:[""UTD""]",若该字段无相应取值，则接口中不必提交该字段,见,CM-0-2-2-1选择代码表,,,,,,,,
18,CM-0-2-2-2,发病日期时间,字符串,参考备注,"例:""1970-01-01 12:00""","发病日期时间是否无法确定或无记录(CM-0-2-2-1)等于""无法确定或无记录""(UTD)时无需填写;",若该字段无相应取值，则接口中不必提交该字段,,,,,,,,,
19,CM-0-2-3-2,到达本院急诊或者门诊日期时间,字符串,是,"例:""1970-01-01 12:00""",,,,,,,,,,,
20,CM-0-2-4-1,入院日期时间,字符串,是,"例:""1970-01-01 12:00""",,,,,,,,,,,
21,CM-0-2-4-2,出院日期时间,字符串,是,"例:""1970-01-01 12:00""",出院日期时间应大于入院日期时间;,住院时间应大于24小时,,,,,,,,,
22,CM-0-2-5-1,入住CCU日期时间,字符串,否,"例:""1970-01-01 12:00""",若该字段无相应取值，则接口中不必提交该字段,,,,,,,,,,
23,CM-0-2-5-2,离开CCU日期时间,字符串,否,"例:""1970-01-01 12:00""",若该字段无相应取值，则接口中不必提交该字段,离开ICU日期时间应大于入住ICU日期时间,,,,,,,,,
24,CM-0-3-1,费用支付方式,字符串,是,"例:""a""",见,CM-0-3-1选择代码表,,,,,,,,,
25,CM-0-3-2,收入住院途径,字符串,是,"例:""a""",见,CM-0-3-2选择代码表,,,,,,,,,
26,CM-0-3-3,到院交通工具,字符串,是,"例:""a""",见,CM-0-3-3选择代码表,,,,,,,,,
27,STEMI-0-4-6,救护车类型,字符串,参考备注,"例:""a""","到院交通工具(CM-0-3-3)等于""救护车""(a)时可填写;",若该字段无相应取值，则接口中不必提交该字段,见,STEMI-0-4-6选择代码表,,,,,,,
28,STEMI-0-4-1,是否现场评估生命体征，施行急救,字符串,参考备注,"例:""y""","救护车类型(STEMI-0-4-6)等于""紧急救治型，有紧急救治设施及医生""(a)时可填写;",若该字段无相应取值，则接口中不必提交该字段,见,STEMI-0-4-1选择代码表,,,,,,,
29,STEMI-0-4-2,到达现场后10分钟内是否完成心电图检查,字符串,参考备注,"例:""y""","救护车类型(STEMI-0-4-6)等于""紧急救治型，有紧急救治设施及医生""(a)时可填写;",若该字段无相应取值，则接口中不必提交该字段,见,STEMI-0-4-2选择代码表,,,,,,,
30,STEMI-0-4-3,现场急救维持生命体征稳定措施选择,数组,参考备注,"例:[""a"",""b""]","救护车类型(STEMI-0-4-6)等于""紧急救治型，有紧急救治设施及医生""(a)时可填写;",若该字段无相应取值，则接口中不必提交该字段,见,STEMI-0-4-3选择代码表,,,,,,,
31,STEMI-0-4-4,对持续胸痛＞15分钟和心电图ST段抬高，且无“阿斯匹林”禁忌症的患者用药,字符串,参考备注,"例:""a""","救护车类型(STEMI-0-4-6)等于""紧急救治型，有紧急救治设施及医生""(a)时可填写;",若该字段无相应取值，则接口中不必提交该字段,见,STEMI-0-4-4选择代码表,,,,,,,
32,STEMI-0-4-5,是否利用救护车中车载信息系统、微信、彩信等多种形式传输心电图等院前信息至目标医院,字符串,参考备注,"例:""y""","救护车类型(STEMI-0-4-6)等于""紧急救治型，有紧急救治设施及医生""(a)时可填写;",若该字段无相应取值，则接口中不必提交该字段,见,STEMI-0-4-5选择代码表,,,,,,,
33,STEMI-0-4-7,是否入院前在救护车上开始溶栓治疗,字符串,参考备注,"例:""y""","救护车类型(STEMI-0-4-6)等于""紧急救治型，有紧急救治设施及医生""(a)时可填写;",若该字段无相应取值，则接口中不必提交该字段,见,STEMI-0-4-7选择代码表,,,,,,,
34,STEMI-1-1-4,是否有症状和病史,字符串,是,"例:""y""",见,STEMI-1-1-4选择代码表,,,,,,,,,
35,STEMI-1-1-5,症状和体征选择,字符串,参考备注,"例:""a""","是否有症状和病史(STEMI-1-1-4)等于""是""(y)时必填;",若该字段无相应取值，则接口中不必提交该字段,见,STEMI-1-1-5选择代码表,,,,,,,
36,STEMI-1-1-6,是否实施首次采用Killip分级法评估心功能,字符串,是,"例:""y""",见,STEMI-1-1-6选择代码表,,,,,,,,,
37,STEMI-1-1-7,Killip分级，症状及体征选择,字符串,参考备注,"例:""a""","是否实施首次采用Killip分级法评估心功能(STEMI-1-1-6)等于""是""(y)时必填;",若该字段无相应取值，则接口中不必提交该字段,见,STEMI-1-1-7选择代码表,,,,,,,
38,STEMI-1-1-1,是否实施首次心电图检查,字符串,是,"例:""y""","实施首次心电图（ECG）检查(STEMI-1-1-1)等于n时,不符合上报规则,无需上报见",STEMI-1-1-1选择代码表,,,,,,,,,
39,STEMI-1-1-2-1,心电图检查结果确诊STEMI报告日期时间,字符串,参考备注,"例:""1970-01-01 12:00""","是否实施首次心电图检查(STEMI-1-1-1)等于""是""(y)时必填;",若该字段无相应取值，则接口中不必提交该字段,,,,,,,,,
40,STEMI-1-1-3,心电图检查结果，具有STEMI特征性诊断标准的选择,数组,参考备注,"例:[""a"",""b""]","是否实施首次心电图检查(STEMI-1-1-1)等于""是""(y)时必填;",若该字段无相应取值，则接口中不必提交该字段,见,STEMI-1-1-3选择代码表,,,,,,,
41,STEMI-1-1-3-1,其他心电图检查结果填写,字符串,参考备注,"例:""填写文字说明""","心电图检查结果，具有STEMI特征性诊断标准的选择(STEMI-1-1-3)等于""其他""(oth)时必填;",若该字段无相应取值，则接口中不必提交该字段,,,,,,,,,
42,STEMI-1-2-1,是否有P2Y12受体拮抗剂禁忌证,字符串,是,"例:""y""",见,STEMI-1-2-1选择代码表,,,,,,,,,
43,STEMI-1-2-2,P2Y12受体拮抗剂禁忌证,数组,参考备注,"例:[""a"",""b""]","是否有P2Y12受体拮抗剂禁忌证(STEMI-1-2-1)等于""是""(y)时必填;",若该字段无相应取值，则接口中不必提交该字段,见,STEMI-1-2-2选择代码表,,,,,,,
44,STEMI-1-2-2-1,其他P2Y12受体拮抗剂禁忌证填写,字符串,参考备注,"例:""填写文字说明""","P2Y12受体拮抗剂禁忌证(STEMI-1-2-2)等于""其他""(oth)时必填;",若该字段无相应取值，则接口中不必提交该字段,长度不能大于50,,,,,,,,
45,STEMI-1-2-3,首剂给予双联抗血小板药负荷剂量,数组,参考备注,"例:[""a"",""b""]","是否有P2Y12受体拮抗剂禁忌证(STEMI-1-2-1)等于""否""(n)时必填;",若该字段无相应取值，则接口中不必提交该字段,见,STEMI-1-2-3选择代码表,,,,,,,
46,STEMI-1-2-3-1,其他抗血小板药物填写,字符串,参考备注,"例:""填写文字说明""","首剂给予双联抗血小板药负荷剂量(STEMI-1-2-3)等于""其他抗血小板药物""(oth)时必填;",若该字段无相应取值，则接口中不必提交该字段,,,,,,,,,
47,STEMI-1-2-4-1,用药日期时间,字符串,参考备注,"例:""1970-01-01 12:00""","是否有P2Y12受体拮抗剂禁忌证(STEMI-1-2-1)等于""否""(n)时必填;",若该字段无相应取值，则接口中不必提交该字段,,,,,,,,,
48,STEMI-1-3-1-1,是否实施首次心脏标志物检测,字符串,是,"例:""y""",见,STEMI-1-3-1-1选择代码表,,,,,,,,,
49,STEMI-1-3-1-2-1,首次心脏标志物检测结果报告日期时间,字符串,参考备注,"例:""1970-01-01 12:00""","是否实施首次心脏标志物检测(STEMI-1-3-1-1)等于""是""(y)时必填;",若该字段无相应取值，则接口中不必提交该字段,首次心脏标志物检测结果报告日期时间应大于到达本院急诊或者门诊日期时间,,,,,,,,
50,STEMI-1-3-2,首次心脏标志物检测选项和数值,数组,参考备注,"例:[""a"",""b""]","是否实施首次心脏标志物检测(STEMI-1-3-1-1)等于""是""(y)时必填;",若该字段无相应取值，则接口中不必提交该字段,见,STEMI-1-3-2选择代码表,,,,,,,
51,STEMI-1-4-1-1,肌钙蛋白T检测选项,字符串,参考备注,"例:""a""","首次心脏标志物检测选项和数值(STEMI-1-3-2)等于""肌钙蛋白T（TnT）""(a)时必填;",若该字段无相应取值，则接口中不必提交该字段,见,STEMI-1-4-1-1选择代码表,,,,,,,
52,STEMI-1-3-3-1,肌钙蛋白T检测值(ng/Ml),数值,参考备注,例:10,"肌钙蛋白T检测选项(STEMI-1-4-1-1)等于""定量检测""(a)时必填;",若该字段无相应取值，则接口中不必提交该字段,肌钙蛋白T填写值应大于等于0,,,,,,,,
53,STEMI-1-4-1-2,肌钙蛋白T定性检测选择,字符串,参考备注,"例:""y""","肌钙蛋白T检测选项(STEMI-1-4-1-1)等于""定性检测""(b)时必填;",若该字段无相应取值，则接口中不必提交该字段,见,STEMI-1-4-1-2选择代码表,,,,,,,
54,STEMI-1-4-2-1,肌钙蛋白I检测选项,字符串,参考备注,"例:""a""","首次心脏标志物检测选项和数值(STEMI-1-3-2)等于""肌钙蛋白I（TnI）""(b)时必填;",若该字段无相应取值，则接口中不必提交该字段,见,STEMI-1-4-2-1选择代码表,,,,,,,
55,STEMI-1-3-3-2,肌钙蛋白I检测值(ng/mL),数值,参考备注,例:10,"肌钙蛋白I检测选项(STEMI-1-4-2-1)等于""定量检测""(a)时必填;",若该字段无相应取值，则接口中不必提交该字段,肌钙蛋白I填写值应大于等于0,,,,,,,,
56,STEMI-1-4-2-2,肌钙蛋白I定性检测选择,字符串,参考备注,"例:""y""","肌钙蛋白I检测选项(STEMI-1-4-2-1)等于""定性检测""(b)时必填;",若该字段无相应取值，则接口中不必提交该字段,见,STEMI-1-4-2-2选择代码表,,,,,,,
57,STEMI-1-4-3-1,肌酸激酶同工酶检测选项,字符串,参考备注,"例:""a""","首次心脏标志物检测选项和数值(STEMI-1-3-2)等于""肌酸激酶同工酶（CK-MB）""(c)时必填;",若该字段无相应取值，则接口中不必提交该字段,见,STEMI-1-4-3-1选择代码表,,,,,,,
58,STEMI-1-3-3-3,肌酸激酶同工酶检测值(ng/mL),数值,参考备注,例:10,"肌酸激酶同工酶检测选项(STEMI-1-4-3-1)等于""定量检测""(a)时必填;",若该字段无相应取值，则接口中不必提交该字段,肌酸激酶同工酶填写值应大于等于0,,,,,,,,
59,STEMI-1-4-3-2,肌酸激酶同工酶定性检测选择,字符串,参考备注,"例:""y""","肌酸激酶同工酶检测选项(STEMI-1-4-3-1)等于""定性检测""(b)时必填;",若该字段无相应取值，则接口中不必提交该字段,见,STEMI-1-4-3-2选择代码表,,,,,,,
60,STEMI-1-4-4-1,心肌肌红蛋白检测选项,字符串,参考备注,"例:""a""","首次心脏标志物检测选项和数值(STEMI-1-3-2)等于""心肌肌红蛋白（Myo）""(d)时必填;",若该字段无相应取值，则接口中不必提交该字段,见,STEMI-1-4-4-1选择代码表,,,,,,,
61,STEMI-1-3-3-4,心肌肌红蛋白检测值(ng/mL),数值,参考备注,例:10,"心肌肌红蛋白检测选项(STEMI-1-4-4-1)等于""定量检测""(a)时必填;",若该字段无相应取值，则接口中不必提交该字段,心肌肌红蛋白填写值应大于等于0,,,,,,,,
62,STEMI-1-4-4-2,心肌肌红蛋白定性检测选择,字符串,参考备注,"例:""y""","心肌肌红蛋白检测选项(STEMI-1-4-4-1)等于""定性检测""(b)时必填;",若该字段无相应取值，则接口中不必提交该字段,见,STEMI-1-4-4-2选择代码表,,,,,,,
63,STEMI-1-4-5-1,B型钠尿肽检测选项,字符串,参考备注,"例:""a""","首次心脏标志物检测选项和数值(STEMI-1-3-2)等于""B型钠尿肽（BNP）""(e)时必填;",若该字段无相应取值，则接口中不必提交该字段,见,STEMI-1-4-5-1选择代码表,,,,,,,
64,STEMI-1-3-3-5,B型钠尿肽检测值(ng/L),数值,参考备注,例:10,"B型钠尿肽检测选项(STEMI-1-4-5-1)等于""定量检测""(a)时必填;",若该字段无相应取值，则接口中不必提交该字段,B型钠尿肽填写值应大于等于0,,,,,,,,
65,STEMI-1-4-5-2,B型钠尿肽定性检测选择,字符串,参考备注,"例:""y""","B型钠尿肽检测选项(STEMI-1-4-5-1)等于""定性检测""(b)时必填;",若该字段无相应取值，则接口中不必提交该字段,见,STEMI-1-4-5-2选择代码表,,,,,,,
66,STEMI-1-4-6-1,N端B型钠尿肽前体检测选项,字符串,参考备注,"例:""a""","首次心脏标志物检测选项和数值(STEMI-1-3-2)等于""N端B型钠尿肽前体（NT-ProBNP）""(f)时必填;",若该字段无相应取值，则接口中不必提交该字段,见,STEMI-1-4-6-1选择代码表,,,,,,,
67,STEMI-1-3-3-6,N端B型钠尿肽前体检测值(ng/L),数值,参考备注,例:10,"N端B型钠尿肽前体检测选项(STEMI-1-4-6-1)等于""定量检测""(a)时必填;",若该字段无相应取值，则接口中不必提交该字段,N端B型钠尿肽前体填写值应大于等于0,,,,,,,,
68,STEMI-1-4-6-2,N端B型钠尿肽前体定性检测选择,字符串,参考备注,"例:""y""","N端B型钠尿肽前体检测选项(STEMI-1-4-6-1)等于""定性检测""(b)时必填;",若该字段无相应取值，则接口中不必提交该字段,见,STEMI-1-4-6-2选择代码表,,,,,,,
69,STEMI-2-1-1,是否实施首次X线胸片检查,字符串,是,"例:""y""",见,STEMI-2-1-1选择代码表,,,,,,,,,
70,STEMI-2-1-2-1,首次X线胸片检查报告日期时间,字符串,参考备注,"例:""1970-01-01 12:00""","是否实施首次X线胸片检查(STEMI-2-1-1)等于""是""(y)时必填;",若该字段无相应取值，则接口中不必提交该字段,首次X线胸片检查报告日期时间应大于到达本院急诊或者门诊日期时间,,,,,,,,
71,STEMI-2-1-3,是否有肺淤血或肺水肿,字符串,参考备注,"例:""y""","是否实施首次X线胸片检查(STEMI-2-1-1)等于""是""(y)时必填;",若该字段无相应取值，则接口中不必提交该字段,见,STEMI-2-1-3选择代码表,,,,,,,
72,STEMI-2-2-1,是否实施首次超声心动图(CDFA)检查,字符串,是,"例:""y""",见,STEMI-2-2-1选择代码表,,,,,,,,,
73,STEMI-2-2-2-1,报告日期时间,字符串,参考备注,"例:""1970-01-01 12:00""","是否实施首次超声心动图(CDFA)检查(STEMI-2-2-1)等于""是""(y)时必填;",若该字段无相应取值，则接口中不必提交该字段,首次超声心动图检查报告日期时间应大于到达本院急诊或者门诊日期时间,,,,,,,,
74,STEMI-2-2-3-1,左室射血分（LVEF）测量值(%),数值,参考备注,例:10,"是否实施首次超声心动图(CDFA)检查(STEMI-2-2-1)等于""是""(y)时必填;",若该字段无相应取值，则接口中不必提交该字段,,,,,,,,,
75,STEMI-2-2-3-3-1,左室舒张末径（LVEDd）数值(mm),数值,参考备注,例:10,"是否实施首次超声心动图(CDFA)检查(STEMI-2-2-1)等于""是""(y)时必填;",若该字段无相应取值，则接口中不必提交该字段,,,,,,,,,
76,STEMI-2-2-3-4,是否有左室室壁瘤,字符串,参考备注,"例:""y""","是否实施首次超声心动图(CDFA)检查(STEMI-2-2-1)等于""是""(y)时必填;",若该字段无相应取值，则接口中不必提交该字段,见,STEMI-2-2-3-4选择代码表,,,,,,,
77,STEMI-2-2-3-5,是否有左心室内血栓,字符串,参考备注,"例:""y""","是否实施首次超声心动图(CDFA)检查(STEMI-2-2-1)等于""是""(y)时必填;",若该字段无相应取值，则接口中不必提交该字段,见,STEMI-2-2-3-5选择代码表,,,,,,,
78,STEMI-2-3-1-1,是否实施GRACE危险评分评估,字符串,是,"例:""y""",见,STEMI-2-3-1-1选择代码表,,,,,,,,,
79,STEMI-2-3-1-2-1,评估日期时间,字符串,参考备注,"例:""1970-01-01 12:00""","是否实施GRACE危险评分评估(STEMI-2-3-1-1)等于""是""(y)时必填;",若该字段无相应取值，则接口中不必提交该字段,GRACE危险评估日期时间应大于到达本院急诊或者门诊日期时间,,,,,,,,
80,STEMI-2-3-1-3-1,实施首次GRACE危险评分值,数值,参考备注,例:10,"是否实施GRACE危险评分评估(STEMI-2-3-1-1)等于""是""(y)时必填;",若该字段无相应取值，则接口中不必提交该字段,GRACE危险评分值范围应在2-319分;,GRACE危险评分值范围应在2-319分,,,,,,,
81,STEMI-2-3-1-4,GRACE危险评估分层的选择,字符串,否,"例:""a""","是否实施GRACE危险评分评估(STEMI-2-3-1-1)等于""是""(y)时可填写;",见,STEMI-2-3-1-4选择代码表,,,,,,,,
82,STEMI-2-3-3-1,是否实施CRUSADE出血风险评分,字符串,是,"例:""y""",见,STEMI-2-3-3-1选择代码表,,,,,,,,,
83,STEMI-2-3-3-2-1,评估日期时间,字符串,参考备注,"例:""1970-01-01 12:00""","是否实施CRUSADE出血风险评分(STEMI-2-3-3-1)等于""是""(y)时必填;",若该字段无相应取值，则接口中不必提交该字段,CRUSADE出血风险评估日期时间应大于到达本院急诊或者门诊日期时间,,,,,,,,
84,STEMI-2-3-3-3-1,实施首次CRUSADE出血风险评分值,数值,参考备注,例:10,"是否实施CRUSADE出血风险评分(STEMI-2-3-3-1)等于""是""(y)时必填;",若该字段无相应取值，则接口中不必提交该字段,CRUSADE出血风险评分值范围应在1-96分;,CRUSADE出血风险评分值范围应在1-96分,,,,,,,
85,STEMI-2-3-3-4,CRUSADE出血风险评分分层的选择,字符串,否,"例:""a""","是否实施CRUSADE出血风险评分(STEMI-2-3-3-1)等于""是""(y)时可填写;",见,STEMI-2-3-3-4选择代码表,,,,,,,,
86,STEMI-3-0-2,实施再灌注治疗的模式,字符串,是,"例:""a""",见,STEMI-3-0-2选择代码表,,,,,,,,,
87,STEMI-3-1-1,STEMI溶栓适应证,字符串,参考备注,"例:""Ⅰa""","实施再灌注治疗的模式(STEMI-3-0-2)等于""“溶栓”治疗""(a)时必填;","实施再灌注治疗的模式(STEMI-3-0-2)等于""“溶栓+介入治疗”治疗""(d)时必填;",若该字段无相应取值，则接口中不必提交该字段,见,STEMI-3-1-1选择代码表,,,,,,
88,STEMI-3-1-2-1,是否有溶栓治疗禁忌症,字符串,参考备注,"例:""y""","实施再灌注治疗的模式(STEMI-3-0-2)等于""“溶栓”治疗""(a)时必填;","实施再灌注治疗的模式(STEMI-3-0-2)等于""“溶栓+介入治疗”治疗""(d)时必填;","STEMI溶栓适应证(STEMI-3-1-1)等于""STEMI患者症状发生24h,症状已缓解""(Ⅲ)时无需填写;",若该字段无相应取值，则接口中不必提交该字段,见,STEMI-3-1-2-1选择代码表,,,,,
89,STEMI-3-1-2-2,绝对禁忌证选择,数组,参考备注,"例:[""a"",""b""]","STEMI溶栓适应证(STEMI-3-1-1)等于""STEMI患者症状发生24h,症状已缓解""(Ⅲ)时无需填写;","是否有溶栓治疗禁忌症(STEMI-3-1-2-1)等于""是""(y)时可填写;",若该字段无相应取值，则接口中不必提交该字段,见,STEMI-3-1-2-2选择代码表,,,,,,
90,STEMI-3-1-2-3,相对禁忌证选择,数组,参考备注,"例:[""a"",""b""]","STEMI溶栓适应证(STEMI-3-1-1)等于""STEMI患者症状发生24h,症状已缓解""(Ⅲ)时无需填写;","是否有溶栓治疗禁忌症(STEMI-3-1-2-1)等于""是""(y)时可填写;",若该字段无相应取值，则接口中不必提交该字段,见,STEMI-3-1-2-3选择代码表,,,,,,
91,STEMI-3-1-3,是否实施溶栓治疗,字符串,参考备注,"例:""y""","STEMI溶栓适应证(STEMI-3-1-1)等于""STEMI患者症状发生24h,症状已缓解""(Ⅲ)时无需填写;","是否有溶栓治疗禁忌症(STEMI-3-1-2-1)等于""否""(n)时必填;",若该字段无相应取值，则接口中不必提交该字段,见,STEMI-3-1-3选择代码表,,,,,,
92,STEMI-3-1-4,溶栓药物选择,字符串,参考备注,"例:""a""","STEMI溶栓适应证(STEMI-3-1-1)等于""STEMI患者症状发生24h,症状已缓解""(Ⅲ)时无需填写;","是否实施溶栓治疗(STEMI-3-1-3)等于""是""(y)时必填;",若该字段无相应取值，则接口中不必提交该字段,见,STEMI-3-1-4选择代码表,,,,,,
93,STEMI-3-1-4-1,其他溶栓药物,字符串,参考备注,"例:""填写文字说明""","STEMI溶栓适应证(STEMI-3-1-1)等于""STEMI患者症状发生24h,症状已缓解""(Ⅲ)时无需填写;","溶栓药物选择(STEMI-3-1-4)等于""其他""(oth)时必填;",若该字段无相应取值，则接口中不必提交该字段,,,,,,,,
94,STEMI-3-1-5-1,输注开始日期时间,字符串,参考备注,"例:""1970-01-01 12:00""","STEMI溶栓适应证(STEMI-3-1-1)等于""STEMI患者症状发生24h,症状已缓解""(Ⅲ)时无需填写;","是否实施溶栓治疗(STEMI-3-1-3)等于""是""(y)时必填;",若该字段无相应取值，则接口中不必提交该字段,输注开始日期时间应大于急诊或门诊日期时间;,溶栓药输注开始日期时间应大于等于急诊确诊STEMI报告时间,,,,,,
95,STEMI-3-1-6-1,输注完成日期时间,字符串,参考备注,"例:""1970-01-01 12:00""","STEMI溶栓适应证(STEMI-3-1-1)等于""STEMI患者症状发生24h,症状已缓解""(Ⅲ)时无需填写;","是否实施溶栓治疗(STEMI-3-1-3)等于""是""(y)时必填;",若该字段无相应取值，则接口中不必提交该字段,,,,,,,,
96,STEMI-3-1-7-1,到达医院STEMI确诊报告日期与时间至溶栓时间（D2N）,数值,否,例:10,"该字段无需用户填写,由系统自动生成;",到达医院至溶栓时间(D2N)大于0;,"到达医院至溶栓时间(D2N)应小于24小时日期差值计算公式:输注开始日期时间(STEMI-3-1-5-1)-心电图检查结果确诊STEMI报告日期时间(STEMI-1-1-2-1),单位:分钟",,,,,,,,
97,STEMI-3-1-8,临床评估溶栓成功(60~90 min),数组,参考备注,"例:[""a"",""b""]","STEMI溶栓适应证(STEMI-3-1-1)等于""STEMI患者症状发生24h,症状已缓解""(Ⅲ)时无需填写;","是否实施溶栓治疗(STEMI-3-1-3)等于""是""(y)时可填写;",若该字段无相应取值，则接口中不必提交该字段,见,STEMI-3-1-8选择代码表,,,,,,
98,STEMI-3-1-9,溶栓治疗并发症的选择,字符串,参考备注,"例:""a""","STEMI溶栓适应证(STEMI-3-1-1)等于""STEMI患者症状发生24h,症状已缓解""(Ⅲ)时无需填写;","是否实施溶栓治疗(STEMI-3-1-3)等于""是""(y)时必填;",若该字段无相应取值，则接口中不必提交该字段,见,STEMI-3-1-9选择代码表,,,,,,
99,STEMI-3-1-10,溶栓治疗延迟原因,数组,参考备注,"例:[""a"",""b""]","STEMI溶栓适应证(STEMI-3-1-1)等于""STEMI患者症状发生24h,症状已缓解""(Ⅲ)时无需填写;","到达医院STEMI确诊报告日期与时间至溶栓时间（D2N）(STEMI-3-1-7-1)大于""30""(30)时必填;",若该字段无相应取值，则接口中不必提交该字段,见,STEMI-3-1-10选择代码表,,,,,,
100,STEMI-3-2-1,是否实施PCI治疗,字符串,参考备注,"例:""y""","实施再灌注治疗的模式(STEMI-3-0-2)等于""“介入治疗(PCI)”治疗""(b)时必填;","实施再灌注治疗的模式(STEMI-3-0-2)等于""“溶栓+介入治疗”治疗""(d)时必填;",若该字段无相应取值，则接口中不必提交该字段,见,STEMI-3-2-1选择代码表,,,,,,
101,STEMI-3-2-2-1-3,PCI适应证,字符串,参考备注,"例:""y""","是否实施PCI治疗(STEMI-3-2-1)等于""是""(y)时必填;",若该字段无相应取值，则接口中不必提交该字段,见,STEMI-3-2-2-1-3选择代码表,,,,,,,
102,STEMI-3-2-2-1-1,直接PCI适应证,字符串,参考备注,"例:""a""","PCI适应证(STEMI-3-2-2-1-3)等于""直接PCI适应证""(y)时必填;",若该字段无相应取值，则接口中不必提交该字段,见,STEMI-3-2-2-1-1选择代码表,,,,,,,
103,STEMI-3-2-2-1-2,溶栓后PCI适应证,字符串,参考备注,"例:""a""","PCI适应证(STEMI-3-2-2-1-3)等于""溶栓后PCI适应证""(n)时必填;",若该字段无相应取值，则接口中不必提交该字段,见,STEMI-3-2-2-1-2选择代码表,,,,,,,
104,STEMI-3-2-2,是否有PCI禁忌证,字符串,参考备注,"例:""y""","是否实施PCI治疗(STEMI-3-2-1)等于""是""(y)时必填;",若该字段无相应取值，则接口中不必提交该字段,见,STEMI-3-2-2选择代码表,,,,,,,
105,STEMI-3-2-2-1,PCI禁忌证选择,字符串,参考备注,"例:""a""","是否实施PCI治疗(STEMI-3-2-1)等于""是""(y)时必填;","是否有PCI禁忌证(STEMI-3-2-2)等于""是""(y)时必填;",若该字段无相应取值，则接口中不必提交该字段,见,STEMI-3-2-2-1选择代码表,,,,,,
106,STEMI-3-2-2-2-1,PCI导丝通过靶病变日期时间,字符串,参考备注,"例:""1970-01-01 12:00""","是否实施PCI治疗(STEMI-3-2-1)等于""是""(y)时必填;","是否有PCI禁忌证(STEMI-3-2-2)等于""否""(n)时必填;",若该字段无相应取值，则接口中不必提交该字段,PCI导丝通过靶病变日期时间应大于到本院急诊ECG确诊STEMI时间,,,,,,,
107,STEMI-3-2-2-3-1,PCI完成时间,字符串,参考备注,"例:""1970-01-01 12:00""","是否实施PCI治疗(STEMI-3-2-1)等于""是""(y)时必填;","是否有PCI禁忌证(STEMI-3-2-2)等于""否""(n)时必填;",若该字段无相应取值，则接口中不必提交该字段,PCI完成时间应大于PCI导丝通过靶病变日期时间,,,,,,,
108,STEMI-3-2-2-4-1,确诊STEMI至PCI导丝通过靶病变（D2B）时间（分钟）,数值,否,例:10,"该字段无需用户填写,由系统自动生成;","日期差值计算公式:PCI导丝通过靶病变日期时间(STEMI-3-2-2-2-1)-心电图检查结果确诊STEMI报告日期时间(STEMI-1-1-2-1),单位:分钟",,,,,,,,,
109,STEMI-3-2-2-5,治疗延迟原因选择,字符串,参考备注,"例:""a""","确诊STEMI至PCI导丝通过靶病变（D2B）时间（分钟）(STEMI-3-2-2-4-1)大于""90""(90)时必填;",若该字段无相应取值，则接口中不必提交该字段,见,STEMI-3-2-2-5选择代码表,,,,,,,
110,STEMI-3-2-3-1,主要病变血管,数组,参考备注,"例:[""a"",""b""]","是否实施PCI治疗(STEMI-3-2-1)等于""是""(y)时必填;","是否有PCI禁忌证(STEMI-3-2-2)等于""否""(n)时必填;",若该字段无相应取值，则接口中不必提交该字段,见,STEMI-3-2-3-1选择代码表,,,,,,
111,STEMI-3-2-3-2-1,LAD-冠状动脉狭窄程度分级,字符串,参考备注,"例:""a""","主要病变血管(STEMI-3-2-3-1)等于""LAD-左前降支""(a)时必填;","主要病变血管(STEMI-3-2-3-1)等于""无阳性病变""(UTD)时无需填写;",若该字段无相应取值，则接口中不必提交该字段,见,STEMI-3-2-3-2-1选择代码表,,,,,,
112,STEMI-3-2-3-2-5,LAD-术前主要靶血管TIMI血流分级的选择,字符串,参考备注,"例:""a""","主要病变血管(STEMI-3-2-3-1)等于""LAD-左前降支""(a)时必填;","主要病变血管(STEMI-3-2-3-1)等于""无阳性病变""(UTD)时无需填写;",若该字段无相应取值，则接口中不必提交该字段,见,STEMI-3-2-3-2-5选择代码表,,,,,,
113,STEMI-3-2-3-2-2,LCX-冠状动脉狭窄程度分级,字符串,参考备注,"例:""a""","主要病变血管(STEMI-3-2-3-1)等于""LCX-左回旋支""(b)时必填;","主要病变血管(STEMI-3-2-3-1)等于""无阳性病变""(UTD)时无需填写;",若该字段无相应取值，则接口中不必提交该字段,见,STEMI-3-2-3-2-2选择代码表,,,,,,
114,STEMI-3-2-3-2-6,LCX-术前主要靶血管TIMI血流分级的选择,字符串,参考备注,"例:""a""","主要病变血管(STEMI-3-2-3-1)等于""LCX-左回旋支""(b)时必填;","主要病变血管(STEMI-3-2-3-1)等于""无阳性病变""(UTD)时无需填写;",若该字段无相应取值，则接口中不必提交该字段,见,STEMI-3-2-3-2-6选择代码表,,,,,,
115,STEMI-3-2-3-2-3,RCA-冠状动脉狭窄程度分级,字符串,参考备注,"例:""a""","主要病变血管(STEMI-3-2-3-1)等于""RCA-右主干""(c)时必填;","主要病变血管(STEMI-3-2-3-1)等于""无阳性病变""(UTD)时无需填写;",若该字段无相应取值，则接口中不必提交该字段,见,STEMI-3-2-3-2-3选择代码表,,,,,,
116,STEMI-3-2-3-2-7,RCA-术前主要靶血管TIMI血流分级的选择,字符串,参考备注,"例:""a""","主要病变血管(STEMI-3-2-3-1)等于""RCA-右主干""(c)时必填;","主要病变血管(STEMI-3-2-3-1)等于""无阳性病变""(UTD)时无需填写;",若该字段无相应取值，则接口中不必提交该字段,见,STEMI-3-2-3-2-7选择代码表,,,,,,
117,STEMI-3-2-3-2-4,LM-冠状动脉狭窄程度分级,字符串,参考备注,"例:""a""","主要病变血管(STEMI-3-2-3-1)等于""LM-左主干""(d)时必填;","主要病变血管(STEMI-3-2-3-1)等于""无阳性病变""(UTD)时无需填写;",若该字段无相应取值，则接口中不必提交该字段,见,STEMI-3-2-3-2-4选择代码表,,,,,,
118,STEMI-3-2-3-2-8,LM-术前主要靶血管TIMI血流分级的选择,字符串,参考备注,"例:""a""","主要病变血管(STEMI-3-2-3-1)等于""LM-左主干""(d)时必填;","主要病变血管(STEMI-3-2-3-1)等于""无阳性病变""(UTD)时无需填写;",若该字段无相应取值，则接口中不必提交该字段,见,STEMI-3-2-3-2-8选择代码表,,,,,,
119,STEMI-3-2-3-3,PCI治疗主要靶血管,数组,参考备注,"例:[""a"",""b""]","是否实施PCI治疗(STEMI-3-2-1)等于""是""(y)时必填;","是否有PCI禁忌证(STEMI-3-2-2)等于""否""(n)时必填;","主要病变血管(STEMI-3-2-3-1)等于""无阳性病变""(UTD)时无需填写;",若该字段无相应取值，则接口中不必提交该字段,最多选择5项见,STEMI-3-2-3-3选择代码表,,,,,
120,STEMI-3-2-3-3-1,LM-PCI术后即刻主要靶血管TIMI血流分级的选择,字符串,参考备注,"例:""a""","主要病变血管(STEMI-3-2-3-1)等于""无阳性病变""(UTD)时无需填写;","PCI治疗主要靶血管(STEMI-3-2-3-3)等于""LM""(a)时必填;",若该字段无相应取值，则接口中不必提交该字段,见,STEMI-3-2-3-3-1选择代码表,,,,,,
121,STEMI-3-2-3-3-2,LM-置入冠状动脉支架选择,字符串,参考备注,"例:""a""","主要病变血管(STEMI-3-2-3-1)等于""无阳性病变""(UTD)时无需填写;","PCI治疗主要靶血管(STEMI-3-2-3-3)等于""LM""(a)时必填;",若该字段无相应取值，则接口中不必提交该字段,见,STEMI-3-2-3-3-2选择代码表,,,,,,
122,STEMI-3-2-3-3-2-1,LM-置入冠状动脉支架填写,字符串,参考备注,"例:""填写文字说明""","主要病变血管(STEMI-3-2-3-1)等于""无阳性病变""(UTD)时无需填写;","LM-置入冠状动脉支架选择(STEMI-3-2-3-3-2)等于""其他支架""(oth)时必填;",若该字段无相应取值，则接口中不必提交该字段,长度应小于50,,,,,,,
123,STEMI-3-2-3-3-3,LAD-PCI术后即刻主要靶血管TIMI血流分级的选择,字符串,参考备注,"例:""a""","主要病变血管(STEMI-3-2-3-1)等于""无阳性病变""(UTD)时无需填写;","PCI治疗主要靶血管(STEMI-3-2-3-3)等于""LAD""(b)时必填;",若该字段无相应取值，则接口中不必提交该字段,见,STEMI-3-2-3-3-3选择代码表,,,,,,
124,STEMI-3-2-3-3-4,LAD-置入冠状动脉支架选择,字符串,参考备注,"例:""a""","主要病变血管(STEMI-3-2-3-1)等于""无阳性病变""(UTD)时无需填写;","PCI治疗主要靶血管(STEMI-3-2-3-3)等于""LAD""(b)时必填;",若该字段无相应取值，则接口中不必提交该字段,见,STEMI-3-2-3-3-4选择代码表,,,,,,
125,STEMI-3-2-3-3-4-1,LAD-置入冠状动脉支架填写,字符串,参考备注,"例:""填写文字说明""","主要病变血管(STEMI-3-2-3-1)等于""无阳性病变""(UTD)时无需填写;","LAD-置入冠状动脉支架选择(STEMI-3-2-3-3-4)等于""其他支架""(oth)时必填;",若该字段无相应取值，则接口中不必提交该字段,长度应小于50,,,,,,,
126,STEMI-3-2-3-3-5,LCX-PCI术后即刻主要靶血管TIMI血流分级的选择,字符串,参考备注,"例:""a""","主要病变血管(STEMI-3-2-3-1)等于""无阳性病变""(UTD)时无需填写;","PCI治疗主要靶血管(STEMI-3-2-3-3)等于""LCX""(c)时必填;",若该字段无相应取值，则接口中不必提交该字段,见,STEMI-3-2-3-3-5选择代码表,,,,,,
127,STEMI-3-2-3-3-6,LCX-置入冠状动脉支架选择,字符串,参考备注,"例:""a""","主要病变血管(STEMI-3-2-3-1)等于""无阳性病变""(UTD)时无需填写;","PCI治疗主要靶血管(STEMI-3-2-3-3)等于""LCX""(c)时必填;",若该字段无相应取值，则接口中不必提交该字段,见,STEMI-3-2-3-3-6选择代码表,,,,,,
128,STEMI-3-2-3-3-6-1,LCX-置入冠状动脉支架填写,字符串,参考备注,"例:""填写文字说明""","主要病变血管(STEMI-3-2-3-1)等于""无阳性病变""(UTD)时无需填写;","LCX-置入冠状动脉支架选择(STEMI-3-2-3-3-6)等于""其他支架""(oth)时必填;",若该字段无相应取值，则接口中不必提交该字段,长度应小于50,,,,,,,
129,STEMI-3-2-3-3-7,LM-LAD-PCI术后即刻主要靶血管TIMI血流分级的选择,字符串,参考备注,"例:""a""","主要病变血管(STEMI-3-2-3-1)等于""无阳性病变""(UTD)时无需填写;","PCI治疗主要靶血管(STEMI-3-2-3-3)等于""LM-LAD""(d)时必填;",若该字段无相应取值，则接口中不必提交该字段,见,STEMI-3-2-3-3-7选择代码表,,,,,,
130,STEMI-3-2-3-3-8,LM-LAD-置入冠状动脉支架选择,字符串,参考备注,"例:""a""","主要病变血管(STEMI-3-2-3-1)等于""无阳性病变""(UTD)时无需填写;","PCI治疗主要靶血管(STEMI-3-2-3-3)等于""LM-LAD""(d)时必填;",若该字段无相应取值，则接口中不必提交该字段,见,STEMI-3-2-3-3-8选择代码表,,,,,,
131,STEMI-3-2-3-3-8-1,LM-LAD-置入冠状动脉支架填写,字符串,参考备注,"例:""填写文字说明""","主要病变血管(STEMI-3-2-3-1)等于""无阳性病变""(UTD)时无需填写;","LM-LAD-置入冠状动脉支架选择(STEMI-3-2-3-3-8)等于""其他支架""(oth)时必填;",若该字段无相应取值，则接口中不必提交该字段,长度应小于50,,,,,,,
132,STEMI-3-2-3-9-1,LM-LCX-PCI术后即刻主要靶血管TIMI血流分级的选择,字符串,参考备注,"例:""a""","主要病变血管(STEMI-3-2-3-1)等于""无阳性病变""(UTD)时无需填写;","PCI治疗主要靶血管(STEMI-3-2-3-3)等于""LM-LCX""(e)时必填;",若该字段无相应取值，则接口中不必提交该字段,见,STEMI-3-2-3-9-1选择代码表,,,,,,
133,STEMI-3-2-3-3-10,LM-LCX-置入冠状动脉支架选择,字符串,参考备注,"例:""a""","主要病变血管(STEMI-3-2-3-1)等于""无阳性病变""(UTD)时无需填写;","PCI治疗主要靶血管(STEMI-3-2-3-3)等于""LM-LCX""(e)时必填;",若该字段无相应取值，则接口中不必提交该字段,见,STEMI-3-2-3-3-10选择代码表,,,,,,
134,STEMI-3-2-3-3-10-1,LM-LCX-置入冠状动脉支架填写,字符串,参考备注,"例:""填写文字说明""","主要病变血管(STEMI-3-2-3-1)等于""无阳性病变""(UTD)时无需填写;","PCI治疗主要靶血管(STEMI-3-2-3-3)等于""中间支""(h)时必填;","LM-LCX-置入冠状动脉支架选择(STEMI-3-2-3-3-10)等于""其他支架""(oth)时必填;",若该字段无相应取值，则接口中不必提交该字段,长度应小于50,,,,,,
135,STEMI-3-2-3-3-11,RCA-PCI术后即刻主要靶血管TIMI血流分级的选择,字符串,参考备注,"例:""a""","主要病变血管(STEMI-3-2-3-1)等于""无阳性病变""(UTD)时无需填写;","PCI治疗主要靶血管(STEMI-3-2-3-3)等于""RCA""(f)时必填;",若该字段无相应取值，则接口中不必提交该字段,见,STEMI-3-2-3-3-11选择代码表,,,,,,
136,STEMI-3-2-3-3-12,RCA-置入冠状动脉支架选择,字符串,参考备注,"例:""a""","主要病变血管(STEMI-3-2-3-1)等于""无阳性病变""(UTD)时无需填写;","PCI治疗主要靶血管(STEMI-3-2-3-3)等于""RCA""(f)时必填;",若该字段无相应取值，则接口中不必提交该字段,见,STEMI-3-2-3-3-12选择代码表,,,,,,
137,STEMI-3-2-3-3-12-1,RCA-置入冠状动脉支架填写,字符串,参考备注,"例:""填写文字说明""","主要病变血管(STEMI-3-2-3-1)等于""无阳性病变""(UTD)时无需填写;","RCA-置入冠状动脉支架选择(STEMI-3-2-3-3-12)等于""其他支架""(oth)时必填;",若该字段无相应取值，则接口中不必提交该字段,长度应小于50,,,,,,,
138,STEMI-3-2-3-3-13,LM-中间支-PCI术后即刻主要靶血管TIMI血流分级的选择,字符串,参考备注,"例:""a""","主要病变血管(STEMI-3-2-3-1)等于""无阳性病变""(UTD)时无需填写;","PCI治疗主要靶血管(STEMI-3-2-3-3)等于""LM-中间支""(g)时必填;",若该字段无相应取值，则接口中不必提交该字段,见,STEMI-3-2-3-3-13选择代码表,,,,,,
139,STEMI-3-2-3-3-14,LM-中间支-置入冠状动脉支架选择,字符串,参考备注,"例:""a""","主要病变血管(STEMI-3-2-3-1)等于""无阳性病变""(UTD)时无需填写;","PCI治疗主要靶血管(STEMI-3-2-3-3)等于""LM-中间支""(g)时必填;",若该字段无相应取值，则接口中不必提交该字段,见,STEMI-3-2-3-3-14选择代码表,,,,,,
140,STEMI-3-2-3-3-14-1,LM-中间支-置入冠状动脉支架填写,字符串,参考备注,"例:""填写文字说明""","主要病变血管(STEMI-3-2-3-1)等于""无阳性病变""(UTD)时无需填写;","LM-中间支-置入冠状动脉支架选择(STEMI-3-2-3-3-14)等于""其他支架""(oth)时必填;",若该字段无相应取值，则接口中不必提交该字段,长度应小于50,,,,,,,
141,STEMI-3-2-3-15-1,中间支-PCI术后即刻主要靶血管TIMI血流分级的选择,字符串,参考备注,"例:""a""","主要病变血管(STEMI-3-2-3-1)等于""无阳性病变""(UTD)时无需填写;","PCI治疗主要靶血管(STEMI-3-2-3-3)等于""中间支""(h)时必填;",若该字段无相应取值，则接口中不必提交该字段,见,STEMI-3-2-3-15-1选择代码表,,,,,,
142,STEMI-3-2-3-3-16,中间支-置入冠状动脉支架选择,字符串,参考备注,"例:""a""","主要病变血管(STEMI-3-2-3-1)等于""无阳性病变""(UTD)时无需填写;","PCI治疗主要靶血管(STEMI-3-2-3-3)等于""中间支""(h)时必填;",若该字段无相应取值，则接口中不必提交该字段,见,STEMI-3-2-3-3-16选择代码表,,,,,,
143,STEMI-3-2-3-3-16-1,中间支-置入冠状动脉支架填写,字符串,参考备注,"例:""填写文字说明""","主要病变血管(STEMI-3-2-3-1)等于""无阳性病变""(UTD)时无需填写;","中间支-置入冠状动脉支架选择(STEMI-3-2-3-3-16)等于""其他支架""(oth)时必填;",若该字段无相应取值，则接口中不必提交该字段,长度应小于50,,,,,,,
144,STEMI-3-2-4-1,ICD-9-CM-3编码与名称,字符串,参考备注,"例:""a""","是否实施PCI治疗(STEMI-3-2-1)等于""是""(y)时必填;","是否有PCI禁忌证(STEMI-3-2-2)等于""否""(n)时必填;",若该字段无相应取值，则接口中不必提交该字段,见,STEMI-3-2-4-1选择代码表,,,,,,
145,STEMI-3-2-4-2,治疗血管的数量的选择,字符串,参考备注,"例:""a""","是否实施PCI治疗(STEMI-3-2-1)等于""是""(y)时必填;","是否有PCI禁忌证(STEMI-3-2-2)等于""否""(n)时必填;",若该字段无相应取值，则接口中不必提交该字段,见,STEMI-3-2-4-2选择代码表,,,,,,
146,STEMI-3-2-4-3,置入血管支架的数量,字符串,参考备注,"例:""a""","是否实施PCI治疗(STEMI-3-2-1)等于""是""(y)时必填;","是否有PCI禁忌证(STEMI-3-2-2)等于""否""(n)时必填;","ICD-9-CM-3编码与名称(STEMI-3-2-4-1)等于""36.0600非-药物洗脱冠状动脉支架置入""(e)时必填;","ICD-9-CM-3编码与名称(STEMI-3-2-4-1)等于""36.0601冠状动脉药物涂层支架置入术""(f)时必填;","ICD-9-CM-3编码与名称(STEMI-3-2-4-1)等于""36.0602冠状动脉裸支架置入术""(g)时必填;","ICD-9-CM-3编码与名称(STEMI-3-2-4-1)等于""36.0700药物洗脱冠状动脉支架置入""(h)时必填;","ICD-9-CM-3编码与名称(STEMI-3-2-4-1)等于""36.0700x004经皮冠状动脉覆膜支架置入术""(i)时必填;","ICD-9-CM-3编码与名称(STEMI-3-2-4-1)等于""36.0701冠状动脉生物可吸收支架置入术""(j)时必填;",若该字段无相应取值，则接口中不必提交该字段,见,STEMI-3-2-4-3选择代码表
147,STEMI-3-2-4-4,心脏团队讨论决策模式的选择,字符串,参考备注,"例:""a""",治疗血管的数量(STEMI-3-2-4-2)选择c、d、e、f或者置入血管支架的数量(STEMI-3-2-4-3)选择c、d、e时必填若该字段无相应取值，则接口中不必提交该字段,见,STEMI-3-2-4-4选择代码表,,,,,,,,
148,STEMI-3-2-5-1,近期主要并发症的选择,数组,参考备注,"例:[""a"",""b""]","是否实施PCI治疗(STEMI-3-2-1)等于""是""(y)时必填;",若该字段无相应取值，则接口中不必提交该字段,见,STEMI-3-2-5-1选择代码表,,,,,,,
149,STEMI-3-2-5-1-1,其他近期主要并发症,字符串,参考备注,"例:""填写文字说明""","近期主要并发症的选择(STEMI-3-2-5-1)等于""其他""(oth)时必填;",若该字段无相应取值，则接口中不必提交该字段,不能超过20个字的文字说明,,,,,,,,
150,STEMI-3-2-5-2,近期并发症治疗主要措施的选择,数组,参考备注,"例:[""a"",""b""]","是否实施PCI治疗(STEMI-3-2-1)等于""是""(y)时必填;",若该字段无相应取值，则接口中不必提交该字段,见,STEMI-3-2-5-2选择代码表,,,,,,,
151,STEMI-3-2-5-2-1,其他近期并发症治疗主要措施,字符串,参考备注,"例:""填写文字说明""","近期并发症治疗主要措施的选择(STEMI-3-2-5-2)等于""其他""(oth)时必填;",若该字段无相应取值，则接口中不必提交该字段,不能超过20个字的文字说明,,,,,,,,
152,STEMI-3-2-6-1,是否实施CathPCI风险评估,字符串,参考备注,"例:""y""","是否实施PCI治疗(STEMI-3-2-1)等于""是""(y)时必填;",若该字段无相应取值，则接口中不必提交该字段,见,STEMI-3-2-6-1选择代码表,,,,,,,
153,STEMI-3-2-6-2-1-1,总分值,数值,参考备注,例:10,"是否实施CathPCI风险评估(STEMI-3-2-6-1)等于""是""(y)时必填;",若该字段无相应取值，则接口中不必提交该字段,CathPCI风险评估分值范围为0-100;,CathPCI风险评估分值范围为0-100,,,,,,,
154,STEMI-3-2-6-2-2,院内患者死亡风险(%),数值,否,例:10,"是否实施CathPCI风险评估(STEMI-3-2-6-1)等于""是""(y)时可填写;",,,,,,,,,,
155,STEMI-3-2-7-1,是否实施围术期抗凝治疗,字符串,参考备注,"例:""y""","是否实施PCI治疗(STEMI-3-2-1)等于""是""(y)时可填写;",若该字段无相应取值，则接口中不必提交该字段,见,STEMI-3-2-7-1选择代码表,,,,,,,
156,STEMI-3-2-7-2,肠外抗凝药物选择,字符串,参考备注,"例:""a""","是否实施围术期抗凝治疗(STEMI-3-2-7-1)等于""是""(y)时必填;",若该字段无相应取值，则接口中不必提交该字段,见,STEMI-3-2-7-2选择代码表,,,,,,,
157,STEMI-3-2-7-3,其他肠外抗凝药物,字符串,参考备注,"例:""填写文字说明""","肠外抗凝药物选择(STEMI-3-2-7-2)等于""其他""(oth)时必填;",若该字段无相应取值，则接口中不必提交该字段,不能超过10个字的文字说明,,,,,,,,
158,STEMI-3-3-0,（本院）无条件实施时，是否将患者转往有条件行PCI的医院,字符串,参考备注,"例:""y""","实施再灌注治疗的模式(STEMI-3-0-2)等于""“转院”治疗""(c)时必填;",若该字段无相应取值，则接口中不必提交该字段,见,STEMI-3-3-0选择代码表,,,,,,,
159,STEMI-3-3-1-1,医院自身原因,数组,参考备注,"例:[""a"",""b""]","（本院）无条件实施时，是否将患者转往有条件行PCI的医院(STEMI-3-3-0)等于""是""(y)时可填写;",若该字段无相应取值，则接口中不必提交该字段,见,STEMI-3-3-1-1选择代码表,,,,,,,
160,STEMI-3-3-1-1-1,其他医院自身原因,字符串,参考备注,"例:""填写文字说明""","医院自身原因(STEMI-3-3-1-1)等于""其他""(oth)时必填;",若该字段无相应取值，则接口中不必提交该字段,不能超过20个字的文字说明,,,,,,,,
161,STEMI-3-3-1-2,患者自身原因转院,数组,参考备注,"例:[""a"",""b""]","（本院）无条件实施时，是否将患者转往有条件行PCI的医院(STEMI-3-3-0)等于""是""(y)时必填;",若该字段无相应取值，则接口中不必提交该字段,见,STEMI-3-3-1-2选择代码表,,,,,,,
162,STEMI-3-3-1-2-1,其他患者自身原因,字符串,参考备注,"例:""填写文字说明""","患者自身原因转院(STEMI-3-3-1-2)等于""其他""(oth)时必填;",若该字段无相应取值，则接口中不必提交该字段,不能超过20个字的文字说明,,,,,,,,
163,STEMI-3-3-2,转院类型及适应症,字符串,参考备注,"例:""a""","（本院）无条件实施时，是否将患者转往有条件行PCI的医院(STEMI-3-3-0)等于""是""(y)时可填写;",若该字段无相应取值，则接口中不必提交该字段,见,STEMI-3-3-2选择代码表,,,,,,,
164,STEMI-3-3-3-1,转院日期时间,字符串,参考备注,"例:""1970-01-01 12:00""","（本院）无条件实施时，是否将患者转往有条件行PCI的医院(STEMI-3-3-0)等于""是""(y)时必填;",若该字段无相应取值，则接口中不必提交该字段,转院日期时间应大于急诊或门诊日期时间,,,,,,,,
165,STEMI-3-3-4-1,到医院就诊至转出时间（分钟）,数值,否,例:10,"（本院）无条件实施时，是否将患者转往有条件行PCI的医院(STEMI-3-3-0)等于""是""(y)时可填写;","日期差值计算公式:转院日期时间(STEMI-3-3-3-1)-到达本院急诊或者门诊日期时间(CM-0-2-3-2),单位:分钟",,,,,,,,,
166,STEMI-3-4,医院是否具备接受外院“转院PCI”患者的能力,字符串,参考备注,"例:""y""","实施再灌注治疗的模式(STEMI-3-0-2)等于""“转院”治疗""(c)时可填写;",若该字段无相应取值，则接口中不必提交该字段,见,STEMI-3-4选择代码表,,,,,,,
167,STEMI-3-4-1-1,患者从不具备实施PCI能力医院转运到本院急诊或门诊日期,字符串,参考备注,"例:""1970-01-01 12:00""","医院是否具备接受外院“转院PCI”患者的能力(STEMI-3-4)等于""是""(y)时必填;",若该字段无相应取值，则接口中不必提交该字段,,,,,,,,,
168,STEMI-3-4-2-1,PCI导丝通过梗死相关动脉的时间,字符串,参考备注,"例:""1970-01-01 12:00""","医院是否具备接受外院“转院PCI”患者的能力(STEMI-3-4)等于""是""(y)时必填;",若该字段无相应取值，则接口中不必提交该字段,PCI导丝通过梗死相关动脉的时间应大于转运到本院急诊或门诊日期,,,,,,,,
169,STEMI-3-4-3-1,医院转出时间至PCI导丝通过梗死相关动脉（D2B1）时间（分钟）,数值,否,例:10,"该字段无需用户填写,由系统自动生成;","日期差值计算公式:PCI导丝通过梗死相关动脉的时间(STEMI-3-4-2-1)-患者从不具备实施PCI能力医院转运到本院急诊或门诊日期 (STEMI-3-4-1-1),单位:分钟",,,,,,,,,
170,STEMI-3-4-4,治疗延迟原因选择,数组,参考备注,"例:[""a"",""b""]","医院转出时间至PCI导丝通过梗死相关动脉（D2B1）时间（分钟）(STEMI-3-4-3-1)大于""120""(120)时必填;",若该字段无相应取值，则接口中不必提交该字段,见,STEMI-3-4-4选择代码表,,,,,,,
171,STEMI-4-1-1,是否有β-受体阻滞剂禁忌证,字符串,是,"例:""y""","若有β-受体阻滞剂禁忌症(STEMI-4-1-1)等于y,则选择β-受体阻滞剂禁忌症(STEMI-4-1-2-1)和β-受体阻滞剂相对禁忌症(STEMI-4-1-2-2)其一填写见",STEMI-4-1-1选择代码表,,,,,,,,,
172,STEMI-4-1-2-1,β-受体阻滞剂禁忌症,数组,参考备注,"例:[""a"",""b""]","是否有β-受体阻滞剂禁忌证(STEMI-4-1-1)等于""是""(y)时必填;",若该字段无相应取值，则接口中不必提交该字段,见,STEMI-4-1-2-1选择代码表,,,,,,,
173,STEMI-4-1-2-1-1,其他β-受体阻滞剂禁忌症,字符串,参考备注,"例:""填写文字说明""","β-受体阻滞剂禁忌症(STEMI-4-1-2-1)等于""其他""(oth)时必填;",若该字段无相应取值，则接口中不必提交该字段,,,,,,,,,
174,STEMI-4-1-2-2,β-受体阻滞剂相对禁忌症,数组,参考备注,"例:[""a"",""b""]","是否有β-受体阻滞剂禁忌证(STEMI-4-1-1)等于""是""(y)时必填;",若该字段无相应取值，则接口中不必提交该字段,见,STEMI-4-1-2-2选择代码表,,,,,,,
175,STEMI-4-1-2-2-1,其他β-受体阻滞剂相对禁忌症,字符串,参考备注,"例:""填写文字说明""","β-受体阻滞剂相对禁忌症(STEMI-4-1-2-2)等于""其他""(oth)时必填;",若该字段无相应取值，则接口中不必提交该字段,,,,,,,,,
176,STEMI-4-2,使用首剂β-受体阻滞剂,字符串,参考备注,"例:""a""","是否有β-受体阻滞剂禁忌证(STEMI-4-1-1)等于""否""(n)时必填;",若该字段无相应取值，则接口中不必提交该字段,见,STEMI-4-2选择代码表,,,,,,,
177,STEMI-4-3-1,首剂用药日期时间,字符串,参考备注,"例:""1970-01-01 12:00""","是否有β-受体阻滞剂禁忌证(STEMI-4-1-1)等于""否""(n)时必填;",若该字段无相应取值，则接口中不必提交该字段,首剂用药日期时间应大于入院日期,,,,,,,,
178,STEMI-5-1-1,双联抗血小板药物是否有用药长期医嘱,字符串,是,"例:""y""",见,STEMI-5-1-1选择代码表,,,,,,,,,
179,STEMI-5-1-2,双联抗血小板药物品名的选择,字符串,参考备注,"例:""a""","双联抗血小板药物是否有用药长期医嘱(STEMI-5-1-1)等于""是""(y)时必填;",若该字段无相应取值，则接口中不必提交该字段,见,STEMI-5-1-2选择代码表,,,,,,,
180,STEMI-5-1-2-1,双联抗血小板药物品名填写,字符串,参考备注,"例:""填写文字说明""","双联抗血小板药物品名的选择(STEMI-5-1-2)等于""其他抗血小板药物""(oth)时必填;",若该字段无相应取值，则接口中不必提交该字段,长度不能大于50,,,,,,,,
181,STEMI-5-2-1,β阻滞剂是否有用药长期医嘱,字符串,参考备注,"例:""y""","是否有β-受体阻滞剂禁忌证(STEMI-4-1-1)等于""否""(n)时必填;",若该字段无相应取值，则接口中不必提交该字段,见,STEMI-5-2-1选择代码表,,,,,,,
182,STEMI-5-2-2,长期医嘱中使用β-受体阻滞剂品名的选择,字符串,参考备注,"例:""a""","β阻滞剂是否有用药长期医嘱(STEMI-5-2-1)等于""是""(y)时必填;",若该字段无相应取值，则接口中不必提交该字段,见,STEMI-5-2-2选择代码表,,,,,,,
183,STEMI-5-3-1,是否有ACEI抑制剂/ARB类药物禁忌症,字符串,是,"例:""y""",见,STEMI-5-3-1选择代码表,,,,,,,,,
184,STEMI-5-3-2,ACE抑制剂/ARB类药物禁忌症的选择,数组,参考备注,"例:[""a"",""b""]","是否有ACEI抑制剂/ARB类药物禁忌症(STEMI-5-3-1)等于""是""(y)时必填;",若该字段无相应取值，则接口中不必提交该字段,见,STEMI-5-3-2选择代码表,,,,,,,
185,STEMI-5-3-3,是否有ACEI抑制剂/ARB类药物长期医嘱,字符串,参考备注,"例:""y""","是否有ACEI抑制剂/ARB类药物禁忌症(STEMI-5-3-1)等于""否""(n)时必填;",若该字段无相应取值，则接口中不必提交该字段,见,STEMI-5-3-3选择代码表,,,,,,,
186,STEMI-5-3-4-A,使用ACE抑制剂药物名称的选择,字符串,参考备注,"例:""a""","是否有ACEI抑制剂/ARB类药物长期医嘱(STEMI-5-3-3)等于""是""(y)时必填;","使用ARB类药物名称的选择(STEMI-5-3-4-B)等于""请选择""(def)时必填;",若该字段无相应取值，则接口中不必提交该字段,见,STEMI-5-3-4-A选择代码表,,,,,,
187,STEMI-5-3-4-A-1,其他ACE抑制剂药物,字符串,参考备注,"例:""填写文字说明""","使用ACE抑制剂药物名称的选择(STEMI-5-3-4-A)等于""其他ACEI药物""(oth)时必填;",若该字段无相应取值，则接口中不必提交该字段,,,,,,,,,
188,STEMI-5-3-4-B,使用ARB类药物名称的选择,字符串,参考备注,"例:""a""","是否有ACEI抑制剂/ARB类药物长期医嘱(STEMI-5-3-3)等于""是""(y)时必填;","使用ACE抑制剂药物名称的选择(STEMI-5-3-4-A)等于""请选择""(def)时必填;",若该字段无相应取值，则接口中不必提交该字段,见,STEMI-5-3-4-B选择代码表,,,,,,
189,STEMI-5-3-4-B-1,其他ARB类药物,字符串,参考备注,"例:""填写文字说明""","使用ARB类药物名称的选择(STEMI-5-3-4-B)等于""其他ARB药物""(oth)时必填;",若该字段无相应取值，则接口中不必提交该字段,,,,,,,,,
190,STEMI-5-4-1,是否有他汀类药禁忌证,字符串,是,"例:""y""",见,STEMI-5-4-1选择代码表,,,,,,,,,
191,STEMI-5-4-2,他汀类药物禁忌证的选择,数组,参考备注,"例:[""a"",""b""]","是否有他汀类药禁忌证(STEMI-5-4-1)等于""是""(y)时必填;",若该字段无相应取值，则接口中不必提交该字段,见,STEMI-5-4-2选择代码表,,,,,,,
192,STEMI-5-4-3,是否有用药长期医嘱,字符串,参考备注,"例:""y""","是否有他汀类药禁忌证(STEMI-5-4-1)等于""否""(n)时必填;",若该字段无相应取值，则接口中不必提交该字段,见,STEMI-5-4-3选择代码表,,,,,,,
193,STEMI-5-4-4,给予他汀类药物名称的选择,字符串,参考备注,"例:""a""","是否有用药长期医嘱(STEMI-5-4-3)等于""是""(y)时必填;",若该字段无相应取值，则接口中不必提交该字段,见,STEMI-5-4-4选择代码表,,,,,,,
194,STEMI-5-4-4-1,其他其他降脂药物,字符串,参考备注,"例:""填写文字说明""","给予他汀类药物名称的选择(STEMI-5-4-4)等于""其他降脂药物""(oth)时必填;",若该字段无相应取值，则接口中不必提交该字段,,,,,,,,,
195,STEMI-6-1,是否有出院带药医嘱-抗血小板药物,字符串,参考备注,"例:""y""","离院方式选择(CM-4-3)等于""死亡""(e)时无需填写;",若该字段无相应取值，则接口中不必提交该字段,见,STEMI-6-1选择代码表,,,,,,,
196,STEMI-6-1-2,双联抗血小板药物品名的选择,字符串,参考备注,"例:""a""","是否有出院带药医嘱-抗血小板药物(STEMI-6-1)等于""是""(y)时必填;","离院方式选择(CM-4-3)等于""死亡""(e)时无需填写;",若该字段无相应取值，则接口中不必提交该字段,见,STEMI-6-1-2选择代码表,,,,,,
197,STEMI-6-1-2-1,其他双联抗血小板药物品,字符串,参考备注,"例:""填写文字说明""","双联抗血小板药物品名的选择(STEMI-6-1-2)等于""其他抗血小板药物""(oth)时必填;","离院方式选择(CM-4-3)等于""死亡""(e)时无需填写;",若该字段无相应取值，则接口中不必提交该字段,,,,,,,,
198,STEMI-6-2,是否有β阻滞剂出院带药医嘱,字符串,参考备注,"例:""y""","是否有β-受体阻滞剂禁忌证(STEMI-4-1-1)等于""否""(n)时必填;","离院方式选择(CM-4-3)等于""死亡""(e)时无需填写;",若该字段无相应取值，则接口中不必提交该字段,见,STEMI-6-2选择代码表,,,,,,
199,STEMI-6-2-2,使用β-受体阻滞剂品名的选择,字符串,参考备注,"例:""a""","是否有β阻滞剂出院带药医嘱(STEMI-6-2)等于""是""(y)时必填;","离院方式选择(CM-4-3)等于""死亡""(e)时无需填写;",若该字段无相应取值，则接口中不必提交该字段,见,STEMI-6-2-2选择代码表,,,,,,
200,STEMI-6-3,是否有出院带药医嘱-ACEI抑制剂/ARB类药物医嘱,字符串,参考备注,"例:""y""","是否有ACEI抑制剂/ARB类药物禁忌症(STEMI-5-3-1)等于""是""(y)时无需填写;","离院方式选择(CM-4-3)等于""死亡""(e)时无需填写;",若该字段无相应取值，则接口中不必提交该字段,见,STEMI-6-3选择代码表,,,,,,
201,STEMI-6-3-2,使用ACEI抑制剂或者ARB类药物,字符串,参考备注,"例:""a""","是否有ACEI抑制剂/ARB类药物禁忌症(STEMI-5-3-1)等于""是""(y)时无需填写;","是否有出院带药医嘱-ACEI抑制剂/ARB类药物医嘱(STEMI-6-3)等于""是""(y)时必填;","离院方式选择(CM-4-3)等于""死亡""(e)时无需填写;",若该字段无相应取值，则接口中不必提交该字段,见,STEMI-6-3-2选择代码表,,,,,
202,STEMI-6-3-2-A,使用ACE抑制剂药物名称的选择,字符串,参考备注,"例:""a""","是否有ACEI抑制剂/ARB类药物禁忌症(STEMI-5-3-1)等于""是""(y)时无需填写;","使用ACEI抑制剂或者ARB类药物(STEMI-6-3-2)等于""ACE抑制剂药物""(a)时必填;","离院方式选择(CM-4-3)等于""死亡""(e)时无需填写;",若该字段无相应取值，则接口中不必提交该字段,见,STEMI-6-3-2-A选择代码表,,,,,
203,STEMI-6-3-2-A-1,其他ACE抑制剂药物,字符串,参考备注,"例:""填写文字说明""","是否有ACEI抑制剂/ARB类药物禁忌症(STEMI-5-3-1)等于""是""(y)时无需填写;","使用ACE抑制剂药物名称的选择(STEMI-6-3-2-A)等于""其他ACEI药物""(oth)时必填;","离院方式选择(CM-4-3)等于""死亡""(e)时无需填写;",若该字段无相应取值，则接口中不必提交该字段,,,,,,,
204,STEMI-6-3-2-B,使用ARB类药物名称的选择,字符串,参考备注,"例:""a""","是否有ACEI抑制剂/ARB类药物禁忌症(STEMI-5-3-1)等于""是""(y)时无需填写;","使用ACEI抑制剂或者ARB类药物(STEMI-6-3-2)等于""ARB类药物""(b)时必填;","离院方式选择(CM-4-3)等于""死亡""(e)时无需填写;",若该字段无相应取值，则接口中不必提交该字段,见,STEMI-6-3-2-B选择代码表,,,,,
205,STEMI-6-3-2-B-1,其他ARB类药物,字符串,参考备注,"例:""填写文字说明""","是否有ACEI抑制剂/ARB类药物禁忌症(STEMI-5-3-1)等于""是""(y)时无需填写;","使用ARB类药物名称的选择(STEMI-6-3-2-B)等于""其他ARB药物""(oth)时必填;","离院方式选择(CM-4-3)等于""死亡""(e)时无需填写;",若该字段无相应取值，则接口中不必提交该字段,,,,,,,
206,STEMI-6-4,是否有出院带药医嘱-他汀类药物医嘱,字符串,参考备注,"例:""y""","是否有他汀类药禁忌证(STEMI-5-4-1)等于""否""(n)时必填;","离院方式选择(CM-4-3)等于""死亡""(e)时无需填写;",若该字段无相应取值，则接口中不必提交该字段,见,STEMI-6-4选择代码表,,,,,,
207,STEMI-6-4-2,给予他汀类药物名称的选择,字符串,参考备注,"例:""a""","是否有出院带药医嘱-他汀类药物医嘱(STEMI-6-4)等于""是""(y)时必填;","离院方式选择(CM-4-3)等于""死亡""(e)时无需填写;",若该字段无相应取值，则接口中不必提交该字段,见,STEMI-6-4-2选择代码表,,,,,,
208,STEMI-6-4-2-1,其他降脂药物,字符串,参考备注,"例:""填写文字说明""","给予他汀类药物名称的选择(STEMI-6-4-2)等于""其他降脂药物""(oth)时必填;","离院方式选择(CM-4-3)等于""死亡""(e)时无需填写;",若该字段无相应取值，则接口中不必提交该字段,,,,,,,,
209,STEMI-6-5-1,是否有醛固酮受体拮抗剂药物禁忌证,字符串,参考备注,"例:""y""","离院方式选择(CM-4-3)等于""死亡""(e)时无需填写;",若该字段无相应取值，则接口中不必提交该字段,见,STEMI-6-5-1选择代码表,,,,,,,
210,STEMI-6-5-2,醛固酮受体拮抗剂药物禁忌证的选择,数组,参考备注,"例:[""a"",""b""]","是否有醛固酮受体拮抗剂药物禁忌证(STEMI-6-5-1)等于""是""(y)时必填;","离院方式选择(CM-4-3)等于""死亡""(e)时无需填写;",若该字段无相应取值，则接口中不必提交该字段,见,STEMI-6-5-2选择代码表,,,,,,
211,STEMI-6-5-2-1,醛固酮受体拮抗剂药物禁忌证填写,字符串,参考备注,"例:""填写文字说明""","醛固酮受体拮抗剂药物禁忌证的选择(STEMI-6-5-2)等于""其他""(oth)时必填;","离院方式选择(CM-4-3)等于""死亡""(e)时无需填写;",若该字段无相应取值，则接口中不必提交该字段,长度应小于50,,,,,,,
212,STEMI-6-5-3,是否有醛固酮受体拮抗剂药物适应证,字符串,参考备注,"例:""y""","是否有醛固酮受体拮抗剂药物禁忌证(STEMI-6-5-1)等于""否""(n)时必填;","离院方式选择(CM-4-3)等于""死亡""(e)时无需填写;",若该字段无相应取值，则接口中不必提交该字段,见,STEMI-6-5-3选择代码表,,,,,,
213,STEMI-6-5-4,醛固酮受体拮抗剂药物适应证的选择,数组,参考备注,"例:[""a"",""b""]","是否有醛固酮受体拮抗剂药物适应证(STEMI-6-5-3)等于""是""(y)时必填;","离院方式选择(CM-4-3)等于""死亡""(e)时无需填写;",若该字段无相应取值，则接口中不必提交该字段,见,STEMI-6-5-4选择代码表,,,,,,
214,STEMI-6-5-5,是否有出院带药医嘱-醛固酮受体拮抗剂,字符串,参考备注,"例:""y""","是否有醛固酮受体拮抗剂药物适应证(STEMI-6-5-3)等于""是""(y)时必填;","离院方式选择(CM-4-3)等于""死亡""(e)时无需填写;",若该字段无相应取值，则接口中不必提交该字段,见,STEMI-6-5-5选择代码表,,,,,,
215,STEMI-6-5-6,出院带药医嘱中使用醛固酮受体拮抗剂品名的选择,字符串,参考备注,"例:""a""","离院方式选择(CM-4-3)等于""死亡""(e)时无需填写;",若该字段无相应取值，则接口中不必提交该字段,见,STEMI-6-5-6选择代码表,,,,,,,
216,STEMI-6-5-6-1,其他醛固酮受体拮抗剂品名,字符串,参考备注,"例:""填写文字说明""","离院方式选择(CM-4-3)等于""死亡""(e)时无需填写;",若该字段无相应取值，则接口中不必提交该字段,,,,,,,,,
217,STEMI-7-1,血脂评价时间,字符串,是,"例:""a""",见,STEMI-7-1选择代码表,,,,,,,,,
218,STEMI-7-2,血脂评价结果,字符串,参考备注,"例:""a""","血脂评价时间(STEMI-7-1)等于""入院前30天内已经做过血脂水平评估""(a)时必填;","血脂评价时间(STEMI-7-1)等于""入院后首次血脂水平评估""(b)时必填;",若该字段无相应取值，则接口中不必提交该字段,见,STEMI-7-2选择代码表,,,,,,
219,STEMI-7-3-1,是否有他汀药物禁忌症,字符串,否,"例:""y""","该字段无需用户填写,由系统自动生成;",见,STEMI-7-3-1选择代码表,,,,,,,,
220,STEMI-7-3-2,他汀类药物禁忌证的选择,数组,参考备注,"例:[""a"",""b""]","是否有他汀药物禁忌症(STEMI-7-3-1)等于""是""(y)时可填写;",若该字段无相应取值，则接口中不必提交该字段,见,STEMI-7-3-2选择代码表,,,,,,,
221,STEMI-7-4,是否有他汀类药物长期医嘱,字符串,否,"例:""y""","是否有他汀类药禁忌证(STEMI-5-4-1)等于""否""(n)时可填写;",见,STEMI-7-4选择代码表,,,,,,,,
222,STEMI-7-5,是否有他汀类药物出院带药医嘱,字符串,否,"例:""y""","是否有他汀类药禁忌证(STEMI-5-4-1)等于""否""(n)时可填写;","离院方式选择(CM-4-3)等于""死亡""(e)时无需填写;",见,STEMI-7-5选择代码表,,,,,,,
223,STEMI-8-5-1-1,是否提供住院期间急性期康复,字符串,参考备注,"例:""y""","离院方式选择(CM-4-3)等于""死亡""(e)时无需填写;",若该字段无相应取值，则接口中不必提交该字段,见,STEMI-8-5-1-1选择代码表,,,,,,,
224,STEMI-8-5-1-2,急性期康复时间窗,数组,参考备注,"例:[""a"",""b""]","是否提供住院期间急性期康复(STEMI-8-5-1-1)等于""是""(y)时必填;","离院方式选择(CM-4-3)等于""死亡""(e)时无需填写;",若该字段无相应取值，则接口中不必提交该字段,见,STEMI-8-5-1-2选择代码表,,,,,,
225,STEMI-8-5-1-3,运动指导适应证,数组,参考备注,"例:[""a"",""b""]","是否提供住院期间急性期康复(STEMI-8-5-1-1)等于""是""(y)时必填;","离院方式选择(CM-4-3)等于""死亡""(e)时无需填写;",若该字段无相应取值，则接口中不必提交该字段,见,STEMI-8-5-1-3选择代码表,,,,,,
226,STEMI-8-5-1-4,具体步骤,数组,参考备注,"例:[""a"",""b""]","是否提供住院期间急性期康复(STEMI-8-5-1-1)等于""是""(y)时必填;","离院方式选择(CM-4-3)等于""死亡""(e)时无需填写;",若该字段无相应取值，则接口中不必提交该字段,见,STEMI-8-5-1-4选择代码表,,,,,,
227,STEMI-8-5-2-1,是否告知出院后稳定期心脏康复要求,字符串,参考备注,"例:""y""","离院方式选择(CM-4-3)等于""死亡""(e)时无需填写;",若该字段无相应取值，则接口中不必提交该字段,见,STEMI-8-5-2-1选择代码表,,,,,,,
228,STEMI-8-5-2-2,稳定期心脏康复要求时间窗,字符串,参考备注,"例:""a""","是否告知出院后稳定期心脏康复要求(STEMI-8-5-2-1)等于""是""(y)时必填;","离院方式选择(CM-4-3)等于""死亡""(e)时无需填写;",若该字段无相应取值，则接口中不必提交该字段,见,STEMI-8-5-2-2选择代码表,,,,,,
229,STEMI-8-5-2-3,稳定期心脏康复要求其他时间窗,字符串,参考备注,"例:""填写文字说明""","稳定期心脏康复要求时间窗(STEMI-8-5-2-2)等于""其他""(oth)时必填;","离院方式选择(CM-4-3)等于""死亡""(e)时无需填写;",若该字段无相应取值，则接口中不必提交该字段,文本长度不能超过30个字说明,,,,,,,
230,STEMI-8-5-2-4,运动训练内容,数组,参考备注,"例:[""a"",""b""]","是否告知出院后稳定期心脏康复要求(STEMI-8-5-2-1)等于""是""(y)时必填;","离院方式选择(CM-4-3)等于""死亡""(e)时无需填写;",若该字段无相应取值，则接口中不必提交该字段,见,STEMI-8-5-2-4选择代码表,,,,,,
231,STEMI-8-5-2-5,其他运动训练内容,字符串,参考备注,"例:""填写文字说明""","运动训练内容(STEMI-8-5-2-4)等于""其他""(oth)时必填;","离院方式选择(CM-4-3)等于""死亡""(e)时无需填写;",若该字段无相应取值，则接口中不必提交该字段,文本长度不能超过30个字说明,,,,,,,
232,STEMI-8-1-1,吸烟史,字符串,参考备注,"例:""y""","离院方式选择(CM-4-3)等于""死亡""(e)时无需填写;",若该字段无相应取值，则接口中不必提交该字段,见,STEMI-8-1-1选择代码表,,,,,,,
233,STEMI-8-1-2,吸烟程度评估有记录,字符串,参考备注,"例:""a""","吸烟史(STEMI-8-1-1)等于""是近一年内有吸烟史，烟草使用情况""(y)时必填;","离院方式选择(CM-4-3)等于""死亡""(e)时无需填写;",若该字段无相应取值，则接口中不必提交该字段,见,STEMI-8-1-2选择代码表,,,,,,
234,STEMI-8-1-3,接受戒烟的建议或者戒烟治疗有记录,字符串,参考备注,"例:""a""","吸烟史(STEMI-8-1-1)等于""是近一年内有吸烟史，烟草使用情况""(y)时必填;","离院方式选择(CM-4-3)等于""死亡""(e)时无需填写;",若该字段无相应取值，则接口中不必提交该字段,见,STEMI-8-1-3选择代码表,,,,,,
235,STEMI-8-5-3-1,严重ASCVD事件,数组,参考备注,"例:[""a"",""b""]","离院方式选择(CM-4-3)等于""死亡""(e)时无需填写;",若该字段无相应取值，则接口中不必提交该字段,见,STEMI-8-5-3-1选择代码表,,,,,,,
236,STEMI-8-2-3-2,高风险因素,数组,参考备注,"例:[""a"",""b""]","离院方式选择(CM-4-3)等于""死亡""(e)时无需填写;",若该字段无相应取值，则接口中不必提交该字段,见,STEMI-8-2-3-2选择代码表,,,,,,,
237,STEMI-8-2-2,实施针对控制危险因素评估结果的教育,字符串,参考备注,"例:""y""","离院方式选择(CM-4-3)等于""死亡""(e)时无需填写;",若该字段无相应取值，则接口中不必提交该字段,见,STEMI-8-2-2选择代码表,,,,,,,
238,STEMI-8-3,二级预防,数组,参考备注,"例:[""a"",""b""]","离院方式选择(CM-4-3)等于""死亡""(e)时无需填写;",若该字段无相应取值，则接口中不必提交该字段,见,STEMI-8-3选择代码表,,,,,,,
239,STEMI-8-4-1,交与患者“出院小结”的副本告知患者出院时风险因素,数组,参考备注,"例:[""a"",""b""]","离院方式选择(CM-4-3)等于""死亡""(e)时无需填写;",若该字段无相应取值，则接口中不必提交该字段,见,STEMI-8-4-1选择代码表,,,,,,,
240,STEMI-8-4-2,出院带药,数组,参考备注,"例:[""a"",""b""]","离院方式选择(CM-4-3)等于""死亡""(e)时无需填写;",若该字段无相应取值，则接口中不必提交该字段,见,STEMI-8-4-2选择代码表,,,,,,,
241,STEMI-8-4-3,告知发生紧急情况时求援救治途径,数组,参考备注,"例:[""a"",""b""]","离院方式选择(CM-4-3)等于""死亡""(e)时无需填写;",若该字段无相应取值，则接口中不必提交该字段,见,STEMI-8-4-3选择代码表,,,,,,,
242,STEMI-8-4-4,出院时教育与随访,数组,参考备注,"例:[""a"",""b""]","离院方式选择(CM-4-3)等于""死亡""(e)时无需填写;",若该字段无相应取值，则接口中不必提交该字段,见,STEMI-8-4-4选择代码表,,,,,,,
243,STEMI-8-4-5,告知何为风险因素与紧急情况,数组,参考备注,"例:[""a"",""b""]","离院方式选择(CM-4-3)等于""死亡""(e)时无需填写;",若该字段无相应取值，则接口中不必提交该字段,见,STEMI-8-4-5选择代码表,,,,,,,
244,STEMI-9-2-1,出院时状态评估结果,数组,参考备注,"例:[""a"",""b""]","离院方式选择(CM-4-3)等于""死亡""(e)时无需填写;",若该字段无相应取值，则接口中不必提交该字段,见,STEMI-9-2-1选择代码表,,,,,,,
245,STEMI-9-2-1-2,其他出院时状态填写,字符串,参考备注,"例:""填写文字说明""","出院时状态评估结果(STEMI-9-2-1)等于""其他状态""(oth)时必填;","离院方式选择(CM-4-3)等于""死亡""(e)时无需填写;",若该字段无相应取值，则接口中不必提交该字段,,,,,,,,
246,STEMI-9-2-2-A-2,末次GRACE危险评估是否有记录,数组,参考备注,"例:[""UTD""]","离院方式选择(CM-4-3)等于""死亡""(e)时无需填写;",若该字段无相应取值，则接口中不必提交该字段,见,STEMI-9-2-2-A-2选择代码表,,,,,,,
247,STEMI-9-2-2-A-1-1,末次GRACE危险评估,数值,否,例:10,"该字段无需用户填写,由系统自动生成;","离院方式选择(CM-4-3)等于""死亡""(e)时无需填写;",范围2-319;,范围2-319,,,,,,,
248,STEMI-9-2-2-A-3,GRACE危险评估分层的选择,字符串,否,"例:""a""","末次GRACE危险评估是否有记录(STEMI-9-2-2-A-2)等于""无法确定或无记录""(UTD)时无需填写;","离院方式选择(CM-4-3)等于""死亡""(e)时无需填写;",见,STEMI-9-2-2-A-3选择代码表,,,,,,,
249,CM-4-3,离院方式选择,字符串,是,"例:""a""",见,CM-4-3选择代码表,,,,,,,,,
250,CM-4-5,非医嘱离院可能涉及因素,数组,参考备注,"例:[""a"",""b""]","离院方式选择(CM-4-3)等于""非医嘱离院""(d)时可填写;",若该字段无相应取值，则接口中不必提交该字段,见,CM-4-5选择代码表,,,,,,,
251,CM-4-4-1,其他非医嘱离院因素填写,字符串,参考备注,"例:""填写文字说明""","非医嘱离院可能涉及因素(CM-4-5)等于""其他""(oth)时必填;",若该字段无相应取值，则接口中不必提交该字段,,,,,,,,,
252,CM-4-6,死亡可能涉及因素,字符串,参考备注,"例:""a""","离院方式选择(CM-4-3)等于""死亡""(e)时可填写;",若该字段无相应取值，则接口中不必提交该字段,见,CM-4-6选择代码表,,,,,,,
253,CM-5-1,患者是否对服务的体验与评价,字符串,参考备注,"例:""y""","离院方式选择(CM-4-3)等于""死亡""(e)时无需填写;",若该字段无相应取值，则接口中不必提交该字段,见,CM-5-1选择代码表,,,,,,,
254,CM-5-2-1,整体医院评级,字符串,参考备注,"例:""a""","离院方式选择(CM-4-3)等于""死亡""(e)时无需填写;","患者是否对服务的体验与评价(CM-5-1)等于""是""(y)时必填;",若该字段无相应取值，则接口中不必提交该字段,见,CM-5-2-1选择代码表,,,,,,
255,CM-5-2-2,患者推荐,字符串,参考备注,"例:""a""","离院方式选择(CM-4-3)等于""死亡""(e)时无需填写;","患者是否对服务的体验与评价(CM-5-1)等于""是""(y)时必填;",若该字段无相应取值，则接口中不必提交该字段,见,CM-5-2-2选择代码表,,,,,,
256,CM-5-2-3,病房、床单元和卫生间清洁度,字符串,参考备注,"例:""a""","离院方式选择(CM-4-3)等于""死亡""(e)时无需填写;","患者是否对服务的体验与评价(CM-5-1)等于""是""(y)时必填;",若该字段无相应取值，则接口中不必提交该字段,见,CM-5-2-3选择代码表,,,,,,
257,CM-5-2-5,病房与周边噪音,字符串,参考备注,"例:""a""","离院方式选择(CM-4-3)等于""死亡""(e)时无需填写;","患者是否对服务的体验与评价(CM-5-1)等于""是""(y)时必填;",若该字段无相应取值，则接口中不必提交该字段,见,CM-5-2-5选择代码表,,,,,,
258,CM-5-2-6,医生沟通,字符串,参考备注,"例:""a""","离院方式选择(CM-4-3)等于""死亡""(e)时无需填写;","患者是否对服务的体验与评价(CM-5-1)等于""是""(y)时必填;",若该字段无相应取值，则接口中不必提交该字段,见,CM-5-2-6选择代码表,,,,,,
259,CM-5-2-7,护士沟通,字符串,参考备注,"例:""a""","离院方式选择(CM-4-3)等于""死亡""(e)时无需填写;","患者是否对服务的体验与评价(CM-5-1)等于""是""(y)时必填;",若该字段无相应取值，则接口中不必提交该字段,见,CM-5-2-7选择代码表,,,,,,
260,CM-5-2-8,药师沟通,字符串,参考备注,"例:""a""","离院方式选择(CM-4-3)等于""死亡""(e)时无需填写;","患者是否对服务的体验与评价(CM-5-1)等于""是""(y)时必填;",若该字段无相应取值，则接口中不必提交该字段,见,CM-5-2-8选择代码表,,,,,,
261,CM-5-2-9,康复计划,字符串,参考备注,"例:""a""","离院方式选择(CM-4-3)等于""死亡""(e)时无需填写;","患者是否对服务的体验与评价(CM-5-1)等于""是""(y)时必填;",若该字段无相应取值，则接口中不必提交该字段,见,CM-5-2-9选择代码表,,,,,,
262,CM-5-2-10,出院时的知情告知,字符串,参考备注,"例:""a""","离院方式选择(CM-4-3)等于""死亡""(e)时无需填写;","患者是否对服务的体验与评价(CM-5-1)等于""是""(y)时必填;",若该字段无相应取值，则接口中不必提交该字段,见,CM-5-2-10选择代码表,,,,,,
263,CM-5-2-11,膳食评价,字符串,参考备注,"例:""a""","离院方式选择(CM-4-3)等于""死亡""(e)时无需填写;","患者是否对服务的体验与评价(CM-5-1)等于""是""(y)时必填;",若该字段无相应取值，则接口中不必提交该字段,见,CM-5-2-11选择代码表,,,,,,
264,CM-6-1,住院总费用,数值,是,例:10,住院总费用要大于0;,住院总费用要小于1000000;,住院总费用应大于等于各项费用之和,,,,,,,,
265,CM-6-2,住院总费用其中自付金额,数值,是,例:10,自付金额要,自付金额应≤住院总费用,,,,,,,,,
266,CM-6-3,一般医疗服务费,数值,是,例:10,一般医疗服务费要,,,,,,,,,,
267,CM-6-4,一般治疗操作费,数值,是,例:10,一般治疗操作费要,,,,,,,,,,
268,CM-6-5,护理费,数值,是,例:10,护理费要,,,,,,,,,,
269,CM-6-6,综合医疗服务类其他费用,数值,是,例:10,综合医疗服务类其他费用要≥0,,,,,,,,,,
270,CM-6-7,病理诊断费,数值,是,例:10,病理诊断费要≥0,,,,,,,,,,
271,CM-6-8,实验室诊断费,数值,是,例:10,实验室诊断费要≥0,,,,,,,,,,
272,CM-6-9,影像学诊断费,数值,是,例:10,影像学诊断费要≥0,,,,,,,,,,
273,CM-6-10,临床诊断项目费,数值,是,例:10,临床诊断项目费要≥0,,,,,,,,,,
274,CM-6-11,非手术治疗项目费,数值,是,例:10,非手术治疗项目费要≥0,,,,,,,,,,
275,CM-6-12,其中：临床物理治疗费,数值,是,例:10,临床物理治疗费要≥0,,,,,,,,,,
276,CM-6-13,手术治疗费,数值,是,例:10,手术治疗费要≥0,,,,,,,,,,
277,CM-6-14,其中：麻醉费,数值,是,例:10,麻醉费要≥0,,,,,,,,,,
278,CM-6-15,其中：手术费,数值,是,例:10,手术费要≥0,,,,,,,,,,
279,CM-6-16,康复费,数值,是,例:10,康复费要≥0,,,,,,,,,,
280,CM-6-17,中医治疗费,数值,是,例:10,中医治疗费要≥0,,,,,,,,,,
281,CM-6-18,西药费,数值,是,例:10,西药费要≥0,,,,,,,,,,
282,CM-6-19,其中：抗菌药物费,数值,是,例:10,抗菌药物费要≥0,,,,,,,,,,
283,CM-6-20,中成药费,数值,是,例:10,中成药费要≥0,,,,,,,,,,
284,CM-6-21,中草药费,数值,是,例:10,中草药费要≥0,,,,,,,,,,
285,CM-6-22,血费,数值,是,例:10,血费要≥0,,,,,,,,,,
286,CM-6-23,白蛋白类制品费,数值,是,例:10,白蛋白类制品费要≥0,,,,,,,,,,
287,CM-6-24,球蛋白类制品费,数值,是,例:10,球蛋白类制品费要≥0,,,,,,,,,,
288,CM-6-25,凝血因子类制品费,数值,是,例:10,凝血因子类制品费要≥0,,,,,,,,,,
289,CM-6-26,细胞因子类制品费,数值,是,例:10,细胞因子类制品费要≥0,,,,,,,,,,
290,CM-6-27,检查用一次性医用材料费,数值,是,例:10,检查用一次性医用材料费要≥0,,,,,,,,,,
291,CM-6-28,治疗用一次性医用材料费,数值,是,例:10,治疗用一次性医用材料费要≥0,,,,,,,,,,
292,CM-6-29,手术用一次性医用材料费,数值,是,例:10,手术用一次性医用材料费要≥0,,,,,,,,,,
,CM-6-30,其他费,数值,是,例:10,其他费要≥0,,,,,,,,,,